100,Ofilia,Hathaway,Omdurman
101,Zia,Aprile,Nicosia
102,Korrie,Rhu,Hyderabad
103,Elise,Quinn,Tartu
104,Marcelline,Isacco,Arequipa
105,Calla,Sisile,Sabha
106,Camile,Nester,Ahmedabad
107,Iseabal,Land,Chicago
108,Janenna,Egbert,Buffalo
109,Sue,Papageno,Anchorage
110,Mireielle,Norvol,Las Vegas
111,Kathi,Yusuk,Francistown
112,Cherilyn,Mehalek,San Salvador
113,Angela,Sheedy,Santiago de Cuba
114,Dania,Rese,Iloilo City
115,Teddie,Delp,San Carlos de Bariloche
116,Sindee,Persse,Ottawa
117,Danika,Gavrila,Durban
118,Margalo,Prober,Timbuktu
119,Marguerite,Papageno,Düsseldorf
120,Allis,Ax,St. John's
121,Codie,Gherardo,Kraków
122,Averyl,Toffic,Lima
123,Carilyn,Gavrila,Belém
124,Antonietta,Germann,Canberra
125,Ashlee,Schlosser,Tabriz
126,Jany,Fabiola,Helsinki
127,Georgina,Randene,Columbus
128,Myrtice,Voletta,Livingstone
129,Georgetta,Robertson,Copenhagen
130,Vanessa,Stav,Andorra la Vella
131,Bernardine,Clywd,Philadelphia
132,Jolyn,Gregrory,Incheon
133,Deloria,Ochs,El Paso
134,Roz,Roche,Milwaukee
135,Trixi,Joseph,Valdivia
136,Lorne,Engdahl,Cannes
137,Anica,Bandeen,Amsterdam
138,Marika,Socha,Johor Bahru
139,Lanna,Margarete,Antwerp
140,Ardys,Grayce,Rotterdam
141,Annabela,Sherfield,Mecca
142,Cathie,Kare,Cardiff
143,Karena,Kermit,Zagreb
144,Aili,Bergman,Murmansk
145,Shaine,Irmine,Douglas
146,Dorthy,Marsden,Yekaterinburg
147,Georgetta,Rocray,Anchorage
148,Concettina,Malanie,Bergen
149,Estell,Sheedy,Oslo
150,Madeleine,Syd,San José
151,Korrie,Yam,Johor Bahru
152,Lenna,Jagir,Greenwich
153,Aurelie,Lowry,Iquitos
154,Malina,Bobbee,Kawasaki
155,Sam,Jarib,Christchurch
156,Augustine,Pacorro,Palma
157,Josephine,Smitt,Dammam
158,Johna,Luhe,Brussels
159,Daphne,Nahum,Odessa
160,Roseline,Alice,Nassau
161,Darci,Malvino,Alexandria
162,Micheline,Rodmann,Colombo
163,Amara,Delp,Manchester
164,Cristabel,Ellord,Sabha
165,Carly,Darrell,Shillong
166,Frank,Peti,Hat Yai
167,Aigneis,Cullin,Ndola
168,Estell,Israeli,Medellín
169,Tybie,Brandice,Bissau
170,Arlina,Paton,Tel Aviv
171,Josephine,Leonard,Zagreb
172,Tersina,Lane,Turin
173,Bill,Sinegold,Hagåtña
174,Sashenka,Ursulette,Valparaíso
175,Viviene,Jefferey,Kobe
176,Emma,Moseley,Turin
177,Melanie,Prouty,Whitehorse
178,Danny,Vharat,Edinburgh
179,Wendi,Sheedy,Makati City
180,Chloris,Lareena,Valparaíso
181,Sheree,Donoghue,Denpasar
182,Lexine,Liva,Tirana
183,Cindelyn,Lutero,Maracaibo
184,Janis,Serilda,Lilongwe
185,Arlena,Ulphia,Novosibirsk
186,Pearline,Lea,Belmopan
187,Madeleine,Bultman,Tianjin
188,Melanie,Minetta,Yangon
189,Magdalena,Abernon,Belgrade
190,Lyssa,Killigrew,Hanover
191,Rayna,Barbey,Tampere
192,Binny,Capello,Manaus
193,Tressa,Karl,San Francisco
194,Georgetta,Gaynor,Guatemala City
195,Talya,Orelee,Valencia
196,Yvonne,Cyrie,Basse-Terre
197,Arabel,Kendrick,Marseille
198,Sharlene,Gunn,Ndola
199,Vinita,Ledah,Patna
200,Karena,Kolnick,Multan
201,Nonnah,Katrine,Manila
202,Lorenza,Blisse,Antananarivo
203,Maridel,Dermott,Fort-de-France
204,Latisha,Seagraves,Yaren District
205,Anallese,Audly,Chicago
206,Odessa,Longfellow,Yellowknife
207,Ofilia,Yam,Liverpool
208,Emilia,Therine,Muscat
209,Odessa,Adamsen,La Serena
210,Blinni,Vale,Enugu
211,Mathilda,Kress,Nagpur
212,Gloria,Edison,Lviv
213,Cecile,Colyer,Quezon City
214,Hermione,Giff,Kraków
215,Randa,Merat,Arequipa
216,Tani,Lilybelle,Novosibirsk
217,Adore,Aloise,Frankfurt
218,Kittie,Bonucci,Libreville
219,Babita,Dominy,Dibrugarh
220,Lenna,Zrike,Townsville
221,Mureil,Whiffen,Nizhny Novgorod
222,Alyssa,Lynn,Malabo
223,Cindelyn,Dimitris,Whitehorse
224,Susette,Natica,Basse-Terre
225,Tarra,Amasa,Taipei
226,Aaren,Heidt,Guangzhou
227,Priscilla,Shelba,Incheon
228,Mallory,Eliathas,Malé
229,Dorothy,Marlie,Tskhinvali
230,Janey,Fiester,Seattle
231,Tressa,Stefa,Cayenne
232,Dorene,Dom,Hagåtña
233,Elvira,Mendez,Shijiazhuang
234,Eolanda,Natica,Riverside
235,Eolanda,Even,Calama
236,Sherrie,Dahlia,Majuro
237,Evita,Judye,Mogadishu
238,Wilma,Tice,Horta (Azores)
239,Catharine,Kevon,Pago Pago
240,Dede,Zaslow,Lhasa
241,Renie,Secrest,Juneau
242,Cherilyn,Grosz,Novosibirsk
243,Atlanta,Talia,Port of Spain
244,Donetta,Cath,Charlotte Amalie
245,Donnie,Thad,Tirana
246,Trudie,Berard,Beirut
247,Maurene,Munn,Blantyre
248,Lynnea,Uird,Taiyuan
249,Eadie,Annabella,Panama City
250,Selia,Koziara,Minsk
251,Gale,Jess,Hyderabad
252,Corly,Forrer,Tianjin
253,Myrtice,Mehalek,Iquique
254,Carol-Jean,Halsey,Invercargill
255,Wilma,Chauncey,Nicosia
256,Blondelle,Rodmann,Andorra la Vella
257,Kellen,Chaing,Rabat
258,Fawne,Stelle,Dededo
259,Sharai,Garrison,Abuja
260,Bettine,Faso,Ibadan
261,Atlanta,Florina,Vancouver
262,Cyb,Chesna,Moscow
263,Drucie,Timon,Tunis
264,Elka,Aaberg,Adamstown
265,Catrina,O'Neill,Seoul
266,Dede,Bluh,Taichung
267,Albertina,Marlie,Oslo
268,Feliza,Hertzfeld,Belgrade
269,Mathilda,Selway,Turin
270,Fanchon,Ries,Valencia
271,Pamella,Sidonius,Yekaterinburg
272,Elvira,Poppy,Sukhumi
273,Ann-Marie,Carleen,Pontianak
274,Lindie,Rudolph,Padang
275,Sindee,Presber,Quetzaltenango
276,Sara-Ann,Leonard,Rochester
277,Karena,Constancy,Longyearbyen
278,Bernie,Ursulette,Bangalore
279,Jeanna,Mich,Jaipur
280,Myrtice,Klemperer,Kinshasa
281,Miquela,Lalitta,Qingdao
282,Elmira,Dash,Yaoundé
283,Cyndie,Ledah,Portland
284,Danny,Obed,Lhasa
285,Maisey,Rosalba,Anadyr (town)
286,Christal,Briney,Raleigh
287,Oralee,Arne,Dibrugarh
288,Katharina,Erminia,Kandy
289,Chandra,Israeli,Cincinnati
290,Orsola,Toni,Adamstown
291,Annice,Norvol,Whitehorse
292,Sophia,Blake,Lyon
293,Fredericka,Raffo,Bern
294,Trixi,Evvie,Quetzaltenango
295,Phylis,Byrne,Banjul
296,Genevra,Cordi,Koulikoro
297,Penelopa,Malina,Athens
298,Dode,Honoria,Wonsan
299,Lilith,Joachim,Bogotá
300,Tersina,Alejoa,Valparaíso
301,Bibby,Rillings,Maputo
302,Lynde,Duwalt,Banjul
303,Berta,Deegan,Kandy
304,Ekaterina,Zamora,Bishkek
305,Malina,Emerson,Boston
306,Norine,Cristi,Hamburg
307,Viki,Quent,Stanley
308,Kristan,Amethist,Handan
309,Ricky,Klotz,Siem Reap
310,Brianna,Elisha,San Carlos de Bariloche
311,Vonny,Ricki,Ulan Bator
312,Ricky,Knowling,Turin
313,Celene,Stelle,Baghdad
314,Lonnie,Wiener,Quebec City
315,Leia,Wilkinson,Wonsan
316,Luci,Zola,Lviv
317,Max,Papageno,Charlotte Amalie
318,Jeanna,Fabiola,Conakry
319,Jasmina,Alrich,Monrovia
320,Chere,Saree,Denver
321,Tersina,Brieta,Anadyr (town)
322,Catrina,Jenness,Makassar
323,Janeczka,Carey,Assis
324,Marguerite,Alejoa,Milan
325,Mureil,Suanne,Kaliningrad
326,Mariann,Giule,Vaduz
327,Ayn,Diogenes,La Serena
328,Lelah,Goth,Kandy
329,Jean,Donell,Rome
330,Caryl,Lymann,Aberdeen
331,Juliane,Celestine,Banda Aceh
332,Joeann,Fax,Lomé
333,Rhea,Scammon,Saipan
334,Clary,Magdalen,Seville
335,Frieda,Newell,Suva
336,Beverley,Olin,Faisalabad
337,Katleen,Nester,Khartoum
338,Ira,Nickola,Nicosia
339,Darlleen,Wesle,Changchun
340,Heddie,Romelda,Düsseldorf
341,Shaylyn,Shanley,Tokyo
342,Delilah,Ackerley,Perth
343,Bee,Poll,Taiyuan
344,Shandie,Erskine,Chengdu
345,Fanny,Vernier,Adak
346,Sean,McCutcheon,Santa Cruz de Tenerife
347,Hannis,Amand,Raleigh
348,Oona,Sinegold,London
349,Chickie,Meter,Lviv
350,Hildegaard,Israeli,Antananarivo
351,Lonnie,Bartlett,Lisbon
352,Laure,Knowling,Balikpapan
353,Aigneis,Kiersten,Kharkiv
354,Rivalee,Alarise,Yangon
355,Tobe,Stevy,Philadelphia
356,Kimberley,Audly,Las Vegas
357,Nonnah,Greenwald,Dalian
358,Renie,Hailee,Magadan
359,Deane,Sholley,Peshawar
360,Charissa,Middleton,Bandar Seri Begawan
361,Blake,Laverne,El Aaiún
362,Mellicent,Claudine,São Paulo
363,Sabina,Viddah,Mbabane
364,Philis,Uund,Lagos
365,Nyssa,Hessler,Chittagong
366,Kial,Thar,Ibadan
367,Kristan,Thilda,Colombo
368,Ezmeralda,Lareena,Tiraspol
369,Rivalee,Jobi,Managua
370,Ninnetta,Hartnett,Agartala
371,Lita,Camden,Qingdao
372,Molli,Argus,Dibrugarh
373,Lulita,Angelis,Denpasar
374,Noelle,Korey,Los Angeles
375,Anestassia,Goode,Ankara
376,Corina,Curren,Fortaleza
377,Sallie,Meter,Lhasa
378,Shauna,Peg,St. Louis
379,Bernie,Markman,Shillong
380,Rosanne,Marlie,Chiang Mai
381,Winny,Chauncey,Maseru
382,Melisent,Leler,Incheon
383,Desirae,Stoller,Zagreb
384,Lenna,Edvard,Bridgetown
385,Bee,Reidar,Brisbane
386,Madelle,Niccolo,Amsterdam
387,Millie,Mata,Naypyidaw
388,Xylina,Ingra,Douala
389,Madelle,Ehrman,Sri Jayawardenapura-Kotte
390,Chloris,Cullin,New Delhi
391,Elmira,Tayib,Palikir
392,Vinita,Ciapas,Veracruz
393,Lelah,Erminia,Macapá
394,Farrah,Annice,Cali
395,Pierette,Ogren,Sarajevo
396,Kary,Pillsbury,Quebec City
397,Wilma,Bach,Málaga
398,Edyth,Cornelia,Kyoto
399,Amalie,Lilas,Marseille
400,Ardenia,Hachmin,Mérida
401,Maridel,Clie,Pyongyang
402,Demetris,Han,Cusco
403,Cyndie,Vilma,Dushanbe
404,Dorene,Tamar,Castries
405,Linzy,Bertold,Banjul
406,Eve,Philipp,Ouagadougou
407,Fawne,Graig,Moroni
408,Cacilie,Lutero,Lviv
409,Sibella,Sholley,Lubumbashi
410,Jacquetta,Callista,Tucson
411,Silvana,Constancy,Timbuktu
412,Brooks,Behre,Campinas
413,Ericka,Giule,Macapá
414,Cassandra,Wadell,Fairbanks
415,Jolyn,Carolin,Leipzig
416,Farrah,Albertine,Wichita
417,Gwenneth,Carlson,Raleigh
418,Andeee,Lory,Sarajevo
419,Magdalena,Firmin,Gold Coast
420,Olivette,Wiener,Santiago de Cuba
421,Camile,Jorgan,Houston
422,Daphne,Palocz,Asmara
423,Helena,Phaidra,Bissau
424,Gretal,Mallon,Saskatoon
425,Florencia,Wu,Brazzaville
426,Shandie,Brandice,Ouagadougou
427,Cindelyn,Maxi,Koror
428,Cathyleen,Madelene,Davao City
429,Eve,Clie,Cincinnati
430,Bertine,Shama,N'Djamena
431,Deirdre,Honoria,Okinawa
432,Brooks,Joli,Patna
433,Helena,Gombach,Nouméa
434,Cherilyn,O'Rourke,Sabha
435,Teriann,Ade,Maracaibo
436,Concettina,Kolnick,Geneva
437,Johna,Klemperer,Lusaka
438,Joleen,Ashok,Atlanta
439,Magdalena,Arquit,Split (city)
440,Kaja,Merat,Lilongwe
441,Winny,Kannry,Saint-Denis
442,Dione,Llovera,Saint-Denis
443,Latisha,Corilla,Porto-Novo
444,Leia,Jacqui,South Tarawa
445,Gilligan,Afton,Kansas City
446,Jinny,Bahr,Cartagena
447,June,Alwin,Munich
448,Jenilee,Dorine,Sana'a
449,Aurore,Niccolo,Kabul
450,Charmaine,Kylander,Bujumbura
451,Charmaine,Harned,Valencia
452,Agathe,McCutcheon,Atlanta
453,Anestassia,Rosemary,Nagpur
454,Brianna,Lilas,Andorra la Vella
455,Annabela,Belldas,Houston
456,Rani,Maples,Nassau
457,Phylis,Mandler,Huế
458,Hyacinthe,Hewitt,Amritsar
459,Ira,Kimmie,Malacca Town
460,Renae,Kosey,Vilnius
461,Jessamyn,Othilia,Sarajevo
462,Nerta,Papageno,Salzburg
463,Edee,Moina,Addis Ababa
464,Dari,Karl,Mumbai
465,Noelle,Sammons,Vientiane
466,Blondelle,Ball,Palembang
467,Elka,Markman,Kabul
468,Fernande,Laverne,Mumbai
469,Fina,Xerxes,Las Vegas
470,Ofilia,Juan,Mogadishu
471,Hope,Prober,Surat Thani
472,Clarice,Charmine,Konya
473,Kristina,Skurnik,Batticaloa
474,Helena,Montgomery,Bandar Seri Begawan
475,Tina,Goldina,Castries
476,Feliza,Johnsson,Salzburg
477,Kathi,Fink,Memphis
478,Cristabel,Forrer,Maseru
479,Winifred,Aida,Stuttgart
480,Shannah,Payson,Cockburn Town
481,Deane,Ledah,Ushuaia
482,Nannie,Cullin,Alor Star
483,Deloria,Aldric,Forked River
484,Celisse,Keelia,Hanoi
485,Ezmeralda,Capello,Dammam
486,Tera,Ursulette,Memphis
487,Siana,Elsinore,Rio Branco
488,Damaris,Haldas,Durban
489,Trudie,Audly,Malé
490,Cecile,Belldas,Stockholm
491,Zondra,Elo,Dhaka
492,Dulcinea,Chauncey,Batticaloa
493,Ernesta,Henrie,Bandung
494,Nelle,Toor,Maceió
495,Selia,Bach,Louisville
496,Joleen,Edison,Juneau
497,Nessie,Lubin,São Tomé
498,Rochette,Charity,Gdańsk
499,Cathie,Riva,Salzburg
500,Marsiella,Tufts,Nagoya
501,Doro,Maiah,Guangzhou
502,Edee,Campball,Kabul
503,Trixi,Lasley,Dongguan
504,Amelia,Percy,Luxor
505,Hettie,Goth,Shanghai
506,Caressa,Adrienne,Hangzhou
507,Roslyn,Leonard,Philadelphia
508,Mallory,Bord,Banda Aceh
509,Claudina,Lewes,Port-au-Prince
510,Eadie,Joeann,Arbil
511,Daune,Radu,Beijing
512,Bobinette,Helve,Riga
513,Renae,Saunderson,Odessa
514,Rozele,Niccolo,Shenzhen
515,Dacia,Faust,Pekanbaru
516,Roseline,Jeanne,Chengdu
517,Beatriz,Evangelia,Dededo
518,Bill,Grimbly,Pelotas
519,Norine,Leler,Fukuoka
520,Heida,Jillane,Rockhampton
521,Viki,Allina,Minsk
522,Amii,Killigrew,Bandung
523,Mahalia,Fry,Tabriz
524,Gratia,Hebner,Chengdu
525,Elie,Adore,Mendoza
526,Darlleen,Arley,Reykjavík
527,Amelia,Zina,Minsk
528,Shandie,Vins,São Tomé
529,Merry,Tengdin,Yakutsk
530,Wanda,Belldas,Apia
531,Arlina,Casimir,Bamako
532,Oralee,Delila,Busan
533,Mildrid,Naashom,Manila
534,Karolina,Lareena,Belgrade
535,Kara-Lynn,Irmine,Okinawa
536,Ermengarde,Codding,La Paz
537,Mellicent,Parette,Kobe
538,Shaylyn,Philipp,Malabo
539,Dede,Mayeda,Gdańsk
540,Elbertina,Ader,Antofagasta
541,Sarette,An,Stockholm
542,Ardys,Gualtiero,Fukuoka
543,Meghann,Glenden,Chuí
544,Daryl,Cimbura,Virginia Beach
545,Amara,Ochs,Sukhumi
546,Roslyn,Cornelia,Libreville
547,Johna,Jalbert,Quito
548,Valera,Dreda,Anadyr (town)
549,Jan,Emerson,Weno
550,Hollie,Sandye,Phoenix
551,Siana,Lalitta,Mbabane
552,Mady,Ralfston,Warsaw
553,Joy,Chaing,Surabaya
554,Charissa,Hirsch,Valencia
555,Stacey,Toor,Lusaka
556,Angelique,Milde,Auckland
557,Kelly,Bari,Cardiff
558,Wynne,Adamsen,Dibrugarh
559,Nerta,August,Sofia
560,Etta,Daniele,Bandung
561,Celestyna,Felecia,Lanzhou
562,Harmonia,Truc,Honolulu
563,Bobinette,Melleta,Makassar
564,Alyssa,Estella,St. George's
565,Margette,Valerio,Antananarivo
566,Jenda,Pearse,Belfast
567,Gabriellia,Berl,Da Nang
568,Lenna,Elvyn,Vienna
569,Deedee,Loeb,Washington
570,Concettina,Taam,Harare
571,Deedee,Wyn,Tamale
572,Rayna,Rossner,Chongjin
573,Olwen,Bakerman,Alor Star
574,Viviene,Couture,Townsville
575,Tilly,Adore,Fortaleza
576,Elvira,Vary,Las Palmas de Gran Canaria
577,Jordan,Cath,Pattaya
578,Kristina,Killigrew,Bogor
579,Lolita,Giff,Ürümqi
580,Eadie,Ciapas,Peshawar
581,Valeda,Nahum,Maputo
582,Gianina,Johanna,Sapporo
583,Almeta,Christal,Alor Star
584,Tilly,Urania,Campinas
585,Patricia,Palocz,Patna
586,Jere,Diogenes,Kingston
587,Caryl,Lumbard,Bratislava
588,Neila,Henebry,El Paso
589,Hyacinthe,Richers,Paramaribo
590,Clo,Merell,Mamoudzou
591,Benita,Hessler,San José
592,Isa,Hermes,Douala
593,Cindelyn,Catie,Stockholm
594,Lenna,Leonard,Davao City
595,Bettine,MacIntosh,Qingdao
596,Shell,Haymes,Huế
597,Wileen,Monk,Managua
598,Janey,Mendez,Anchorage
599,Feliza,Jacinda,Kraków
600,Cissiee,Karylin,Busan
601,Cissiee,Kaja,Durango
602,Bettine,Faust,Andorra la Vella
603,Hayley,Lay,Labasa
604,Dania,Blake,La Serena
605,Sarette,Lory,Las Vegas
606,Melina,Briney,Tripoli
607,Estell,Jerald,Longyearbyen
608,Sam,Malanie,Ibiza
609,Letizia,Nerita,City of San Marino
610,Sabina,Carleen,Kawasaki
611,Robinia,Vharat,Wollongong
612,Wynne,Willie,Accra
613,Ardenia,Wyn,Edinburgh
614,Tabbatha,Zamora,Birmingham
615,Minda,Morgun,Graz
616,Marika,Fairweather,Cockburn Town
617,Rochette,Talia,Tunis
618,Roseline,Lipson,El Aaiún
619,Moyna,Christal,Cockburn Town
620,Bobbi,Buffum,Lobamba
621,Ana,Remmer,Ottawa
622,Tierney,Palocz,São José dos Campos
623,Rozele,O'Rourke,Nairobi
624,Sonni,Junie,Detroit
625,Desirae,Anestassia,Seville
626,Joeann,Sherrie,Santa Cruz de la Sierra
627,Aimil,Armanda,Yaren District
628,Ann-Marie,Ledah,Vientiane
629,Aurore,Gunn,Baghdad
630,Libbie,Rubie,Zanzibar City
631,Nessie,Waldron,San Salvador
632,Gabi,Gwenore,Frankfurt
633,Carree,Magnolia,Gaborone
634,Viviene,Bergman,Daegu
635,Kore,Candy,Wellington
636,Susan,Santoro,Montevideo
637,Janeczka,Georgy,Banjul
638,Suzette,Clara,Sukhumi
639,Oona,Jacqui,Anadyr (town)
640,Daphne,McCutcheon,Tokyo
641,Bertine,Justinn,Basse-Terre
642,Elfreda,Moina,Gaziantep
643,Alleen,Leifeste,Majuro
644,Darlleen,Ietta,Moscow
645,Margette,Latini,Valencia
646,Max,Verger,Skopje
647,Kimberley,Scammon,Willemstad
648,Nessie,Eno,Sabha
649,Beth,Tippets,Zhengzhou
650,Layla,Phi,Adak
651,Kathi,Sacken,Forked River
652,Kate,Dowski,Mbabane
653,Bobbi,Wenda,Guangzhou
654,Roxane,Isacco,Monrovia
655,Gilligan,Arquit,Ponta Delgada
656,Sidoney,Judye,Tallinn
657,Yolane,Morgun,Nice
658,Cristabel,Jacqui,Malé
659,Barbi,Reneta,Pattaya
660,Kylynn,Kravits,Prague
661,Jan,Margret,Liverpool
662,Genevra,Tamar,Port of Spain
663,Aimil,Lipson,Lviv
664,Hannis,Kamaria,Stepanakert
665,Annice,Auberbach,Rockhampton
666,Gilda,Avi,Moscow
667,Carree,Richers,Cologne
668,Alia,Emerson,Maracaibo
669,Iseabal,Jerold,Málaga
670,Regina,Mozelle,Adamstown
671,Marti,Arvo,Koulikoro
672,Alyssa,Bashemeth,Quebec City
673,Augustine,Dawkins,Jinan
674,Elfreda,Faso,Cardiff
675,Jacquetta,Tarrant,Malang
676,Nataline,Wyn,Miami
677,Marinna,Pip,Brikama
678,Jordan,Oneida,Manila
679,Stacey,Merriott,Malang
680,Paola,Munn,Luxor
681,Nollie,Hoban,Maseru
682,Valeda,Letsou,Nagpur
683,Roxane,Neils,Kandahar
684,Demetris,Sandye,Hong Kong
685,Gerrie,Devlen,Glasgow
686,Alexine,Urania,Timbuktu
687,Helena,Shields,Riverside
688,Gusty,Mallon,Sucre
689,Elise,Armanda,Córdoba
690,Clementine,Kamaria,Virginia Beach
691,Monika,Wittie,Belmopan
692,Ada,Johnsson,Kingston
693,Gusella,Luhe,Hamburg
694,Misha,Means,Riga
695,Gwyneth,Delacourt,Yogyakarta (city)
696,Dotty,Cohdwell,Antananarivo
697,Jackie,Talia,Ho Chi Minh City
698,Michaelina,Barbey,Peshawar
699,Ottilie,Joseph,Istanbul
700,Florie,Donell,Düsseldorf
701,Carilyn,Peti,Bandar Seri Begawan
702,Joy,Smitt,Cusco
703,Fredericka,Greenwald,Seville
704,Pollyanna,Bryna,Recife
705,Cacilie,Ailyn,Puerto Williams
706,Aurore,Albertine,Stepanakert
707,Frieda,Masao,Jeddah
708,Maurene,Zachary,Santa Cruz de Tenerife
709,Marsiella,Hathaway,Sitka
710,Queenie,Desai,Wichita
711,Louella,Weinreb,Juneau
712,Florencia,Ries,Istanbul
713,Violet,Sacken,Monrovia
714,Robinia,Adalbert,Cebu City
715,Pamella,Francyne,Iquique
716,Kathi,Fiann,Bishkek
717,Alex,Georas,Recife
718,Pamella,Kesley,Novosibirsk
719,Lorenza,Hubert,Abuja
720,Tori,Granoff,Iquitos
721,Tomasina,Dyche,Colombo
722,Shandie,Alisia,Riverside
723,Wynne,Old,Thimphu
724,Cassondra,Bari,Cincinnati
725,Juliane,Mott,Kota Kinabalu
726,Emma,Demitria,Gothenburg
727,Evita,Erminia,Bangkok
728,Linzy,Myrilla,Durban
729,Rani,Verger,Adelaide
730,Lenna,Saree,Salzburg
731,Siana,Chaing,Paramaribo
732,Mallory,Herrera,Pekanbaru
733,Selma,Francyne,Riyadh
734,Heida,Connelly,Concepción
735,Tressa,Hartnett,Rosario
736,Karolina,Clara,Malmö
737,Fawne,Emanuel,Edinburgh
738,Selma,Poll,Surat Thani
739,Alisha,Mullane,Nouakchott
740,Nonnah,Gilmour,The Hague
741,Frieda,Azeria,Zagreb
742,Elfreda,Michella,Bishkek
743,Lory,Shanley,Quebec City
744,Corry,Liebermann,Chuí
745,Carol-Jean,Weitman,Port of Spain
746,Lelah,Sammons,Quito
747,Tersina,Kaete,Astana
748,Lelah,Gemini,Cartagena
749,Gui,Morrill,Timbuktu
750,Corina,Joni,Nassau
751,Mara,Sacken,Lhasa
752,Madalyn,Doig,Avarua
753,Raina,Thunell,Ljubljana
754,Molli,Middleton,Shillong
755,Cyb,Judye,Nizhny Novgorod
756,Belva,Waldron,Phoenix
757,Beverley,Sallyann,Kandahar
758,Felice,August,Kandy
759,Florencia,Gale,Bangkok
760,Desirae,Florina,Port Moresby
761,Gilda,Seumas,La Paz
762,Lanae,Laverne,Jayapura
763,Fanny,Loleta,San Diego
764,Quintina,Lynn,St. John's
765,Larine,Rheingold,Raleigh
766,Shaylyn,Read,Handan
767,Kellen,Pyle,Fortaleza
768,Larine,Persse,Semarang
769,Kial,Greyson,Greenwich
770,Magdalena,Toni,Fredericton
771,Hope,Waite,Mexicali
772,Quintina,Redmond,The Hague
773,Eve,LaRue,Philadelphia
774,Cyb,Delacourt,Johannesburg
775,Fredericka,Francyne,Córdoba
776,Kelly,Couture,Tórshavn
777,Lyssa,Diann,Pekanbaru
778,Ronna,Heisel,Cotonou
779,Miquela,Diogenes,Calama
780,Melisent,Germann,La Serena
781,Giustina,Hanshaw,Nagoya
782,Rosabelle,Terrence,Washington
783,Aimil,Francene,Manaus
784,Cindelyn,Jethro,Denpasar
785,Helena,Borrell,Yakutsk
786,Johna,Natalia,Skopje
787,Norine,Thilda,Porto Velho
788,Lilith,Rebecka,Tashkent
789,Henriette,Delacourt,Lomé
790,Alisha,Riva,Rome
791,Elvira,Uird,Adelaide
792,Dulcinea,Corabella,Sydney
793,Belva,Faso,São José dos Campos
794,Kial,Elsinore,Kabul
795,Esmeralda,Wallis,Zapopan
796,Margette,Valerio,Chittagong
797,Inga,Helve,Simferopol
798,Ginnie,Llovera,Split (city)
799,Albertina,Nester,Amman
800,Kenna,Magdalen,Strasbourg
801,Corly,Cornelia,Vilnius
802,Kara-Lynn,Papageno,Tel Aviv
803,Kylynn,Afton,Ljubljana
804,Elsie,Brandice,Kansas City
805,Zsa Zsa,Wandie,Geneva
806,Mignon,Blake,Faisalabad
807,Jacenta,Penelopa,Gibraltar
808,Deane,Philoo,Banda Aceh
809,Bernardine,Ball,Sacramento
810,Lila,Pulsifer,Cork (city)
811,Brietta,Hylan,Zanzibar City
812,Rosabelle,Cynar,Rochester
813,Xylina,Glovsky,Changchun
814,Dale,Colp,Thiès
815,Sidoney,Melony,Phnom Penh
816,Dominga,Gilmour,Invercargill
817,Daphne,Barney,Cincinnati
818,Blinni,Libna,Tagbilaran
819,Bobbi,Goldina,Albuquerque
820,Jennica,Love,Yakutsk
821,Kate,Vanni,Perm
822,Sherrie,Nance,Guadalajara
823,Alyda,Weitman,Sacramento
824,Brandise,Birdella,London
825,Larine,Tatianas,Shenzhen
826,Korrie,Gilbertson,Porto-Novo
827,Tilly,Jerald,Livingstone
828,Fred,Fry,Kingstown
829,Fanny,Gower,Rosario
830,Demetris,Horan,Surat
831,Tori,Jalbert,Monterrey
832,Elfreda,Jillane,Iloilo City
833,Dede,Ilka,Düsseldorf
834,Dolli,Trace,Hat Yai
835,Jolyn,Celestine,Chaguanas
836,Peri,Leopold,Bogor
837,Veda,Keelia,Changchun
838,Brietta,Delacourt,Johannesburg
839,Dari,Hazlett,Perth
840,Courtnay,Bertold,Road Town
841,Babita,Emmaline,Chennai
842,Gerianna,Hollingsworth,Yangon
843,Cristabel,Beniamino,Belize City
844,Asia,Yuille,Avarua
845,Elvira,Halla,Tel Aviv
846,Nyssa,Masao,Harbin
847,Gale,Monk,Mumbai
848,Dagmar,Margret,Sapporo
849,Annice,Trace,Lusaka
850,Allis,Viddah,Okinawa
851,Zaria,McGrody,Forked River
852,Catrina,Tippets,Moscow
853,Anallese,Ilka,Suva
854,Mariann,Cassius,Dalian
855,Chickie,Pillsbury,Geelong
856,Ursulina,Palocz,Luanda
857,Ebonee,Gilbertson,Dallas
858,Marline,Alrich,Yamoussoukro
859,Melisent,Ietta,Santa Cruz de la Sierra
860,Blondelle,Allina,Kabul
861,Wilma,Thema,Tabriz
862,Tilly,Burch,Bogor
863,Eolanda,Jotham,Cairns
864,Trudie,Cherianne,Accra
865,Candy,Thomasina,Banda Aceh
866,Carree,Liva,San Fernando
867,Lelah,Kimmie,Havana
868,Dorthy,Monaco,Harare
869,Farrah,Clywd,Doha
870,Rayna,Zaslow,Lima
871,Ardeen,Randene,Kota Bharu
872,Beatriz,Joachim,Amman
873,Nannie,Monk,Palma
874,Peri,Jacqui,San Antonio
875,Kary,Thomasina,Whitehorse
876,Glynnis,Fadiman,Addis Ababa
877,Clary,Jenness,Budapest
878,Consuela,Zetta,Rabi Island
879,Frieda,Rosalba,Ibadan
880,Marguerite,Bollay,Zamboanga City
881,Kalina,Casimir,Porto-Novo
882,Augustine,Denis,Addis Ababa
883,Briney,Guthrie,Ulan Bator
884,Ruthe,Gladstone,Warsaw
885,Max,Vilma,El Paso
886,Fred,Firmin,Nanning
887,Lily,Alice,Kawasaki
888,Lulita,Buffum,Calama
889,Kathy,Radu,Abu Dhabi
890,Jillayne,Mendez,Invercargill
891,Christal,Dom,Chuí
892,Elka,Gilmour,San Diego
893,Marita,Tristram,Rockhampton
894,Margarette,Couture,Santa Cruz de Tenerife
895,Hallie,Elo,Saint John
896,Elise,Constancy,Bursa
897,Gloria,Wittie,Canberra
898,Talya,Alfons,Madrid
899,Karly,Vanni,Tampere
900,Kaja,Trinetta,Batticaloa
901,Georgina,Arvo,Petropavlovsk-Kamchatsky
902,Desirae,Capello,Caracas
903,Chickie,Oster,Gaziantep
904,Silvana,Byrne,Ipoh
905,Karina,Elephus,Kuching
906,Leanna,Wildermuth,Hargeisa
907,Mara,Means,Dongguan
908,Michaelina,Bergman,Kingston
909,Ernesta,Hoenack,Dar es Salaam
910,Wynne,August,Bucharest
911,Priscilla,Kimmie,Tiraspol
912,Chickie,Lymann,Monaco
913,Adriana,Gregrory,Bratislava
914,Veda,Helfand,Adelaide
915,Letizia,Stanwood,St. George's
916,Merci,Cavan,Kharkiv
917,Allyce,Artie,Sabha
918,Genovera,Read,Peshawar
919,Merry,Kendrick,Hangzhou
920,Belva,Faro,Almaty
921,Lisette,Vernier,Thiès
922,Raquela,Wu,Saint-Pierre
923,Katleen,Brady,San Carlos de Bariloche
924,Andeee,Erich,Papeete
925,Madalyn,Bartlett,Nicosia
926,Jinny,Baylor,Nassau
927,Corry,Xerxes,Libreville
928,Agathe,Kannry,Mecca
929,Roz,Whittaker,Kingston
930,Luci,Willie,Chiang Mai
931,Steffane,Pelagias,Yamoussoukro
932,Yvonne,Mauer,Berlin
933,Mahalia,Borrell,Freetown
934,Dulce,Frodi,Ürümqi
935,Modestia,Egbert,Gangtok
936,Elbertina,Orpah,Iquitos
937,Cathyleen,Reneta,Cartagena
938,Evaleen,Jena,Hamilton
939,Ardys,Ricki,Dongguan
940,Jessamyn,Lytton,Patna
941,Melanie,Bultman,Valdivia
942,Joleen,Xerxes,Ahmedabad
943,Marcelline,Pauly,Tiraspol
944,Alleen,Naor,Honolulu
945,Courtnay,Read,Bandar Seri Begawan
946,Viviene,Kaja,Adamstown
947,Ekaterina,Whittaker,Tskhinvali
948,Anthia,Bertold,Charlotte
949,Courtnay,Thar,Bahía Blanca
950,Jemie,Tengdin,Praia
951,Merry,Merell,Suva
952,Farrah,Hoban,Oklahoma City
953,Heddie,Christal,Handan
954,Laurene,Barney,Copenhagen
955,Ninnetta,Faro,Horta (Azores)
956,Alia,Cleo,Cape Town
957,Juliane,Koehler,Bucharest
958,Beatriz,Lenny,Makati City
959,Mady,Pacorro,Monterrey
960,Steffane,Fabiola,N'Djamena
961,Viki,Noelyn,Jacksonville
962,Albertina,Joli,Brazzaville
963,Deirdre,Pacorro,Mata-Utu
964,Beverley,Shanley,Balikpapan
965,Elbertina,Kravits,St. George's
966,Mara,Neva,Cartagena
967,Etta,Wittie,Porto-Novo
968,Albertina,Malanie,Tabriz
969,Delilah,Quinn,Lobamba
970,Allyce,Raychel,Hat Yai
971,Nanete,Zenas,Gothenburg
972,Ernesta,Fink,Sydney
973,Audrie,Jefferey,Agartala
974,Gerianna,Goddard,Ambon
975,Kelly,Gaspard,Bujumbura
976,Nikki,Ruvolo,Saint-Pierre
977,Dorice,Hutchison,Dongguan
978,Ethel,Dimitris,San Juan
979,Anthia,Tristram,Miami
980,Darlleen,Lamoree,South Tarawa
981,Janey,Kimmie,Pretoria
982,Jobi,Loring,Houston
983,Lisette,Zrike,Regina
984,Berta,Travax,Málaga
985,Hermione,Erb,Abidjan
986,Diena,Merell,Baltimore
987,Claudina,Bethany,Chengdu
988,Lynea,Stilwell,Ankara
989,Harrietta,Graig,Naples
990,Julieta,Gower,Dili
991,Annaliese,Morehouse,Porto Velho
992,Kimberley,Terencio,Liverpool
993,Frieda,Cullin,Kansas City
994,Roz,Hebner,Asmara
995,Joane,Alfons,Asmara
996,Gavrielle,Schwejda,Guatemala City
997,Lyssa,Dosia,Brussels
998,Grier,Horan,Anchorage
999,Siana,Abbot,Damascus
1000,Brynna,Ortrude,Medellín
1001,Leeanne,Pierette,Hagåtña
1002,Johna,Lissi,N'Djamena
1003,Selia,Wareing,Hong Kong
1004,Winny,Saunderson,Tehran
1005,Tatiania,Lattie,Mamoudzou
1006,Jacenta,Saunderson,Columbus
1007,Fanchon,Arvo,Salzburg
1008,Ernesta,Sinegold,Nantes
1009,Joane,Capello,Islamabad
1010,Vivia,Barrus,Dresden
1011,Lorenza,Dalli,Nanjing
1012,Rubie,Berl,Virginia Beach
1013,Natka,Waite,Quebec City
1014,Jaclyn,Cressida,Barcelona
1015,Bill,Isidore,Bissau
1016,Christian,Richers,Namangan
1017,Jenda,Michella,Timbuktu
1018,Evita,Anyah,Helsinki
1019,Annaliese,Laverne,St. Louis
1020,Stephanie,Esmaria,Ibadan
1021,Nikki,Dielu,Cairo
1022,Deedee,Faso,Rabat
1023,Lorne,Kevon,Vancouver
1024,Andree,Sheng,Detroit
1025,Therine,Goddard,Kandy
1026,Edee,Toffic,Almaty
1027,Emelina,Blake,Mogadishu
1028,Melodie,Madox,Bandung
1029,Maurene,Tiffa,Córdoba
1030,Silvana,Rozanna,Cannes
1031,Tori,Rosalba,Kiev
1032,Gratia,Jethro,Nanning
1033,Vivia,Ade,Dodoma
1034,Amalie,Longfellow,Gaborone
1035,Jeanna,Warthman,Handan
1036,Darlleen,Janith,Chicago
1037,Eadie,Secrest,Chicago
1038,Vevay,Swigart,Thimphu
1039,Oona,Taima,Lhasa
1040,Moyna,Voletta,Harbin
1041,Halette,Alarise,Ponta Delgada
1042,Harrietta,Sharl,Albuquerque
1043,Jennica,Elsinore,Macapá
1044,Kimmy,Ahab,Memphis
1045,Mallory,Calhoun,Perth
1046,Adriana,Screens,Suez
1047,Flo,Standing,Port Hedland
1048,Fernande,Jarib,Riga
1049,Janenna,Sidonius,New Orleans
1050,Lory,Kosey,Ho Chi Minh City
1051,Doro,Stover,Mogadishu
1052,Verla,Land,Santa Cruz de Tenerife
1053,Gwyneth,Weitman,Nantes
1054,Kristan,Imelida,Rotterdam
1055,Olwen,Delp,São Tomé
1056,Glenda,Wooster,Marseille
1057,Fanchon,Cherianne,Providence
1058,Sidoney,Buckler,Murmansk
1059,Zaria,Rosemary,Sri Jayawardenapura-Kotte
1060,Karina,Kamaria,Kharkiv
1061,Sallie,Aldric,Buffalo
1062,Ida,Fredi,Lahore
1063,Bettine,Minetta,Valencia
1064,Dacia,Keily,Libreville
1065,Rhoda,Wenda,Anchorage
1066,Delilah,Franza,Yaoundé
1067,Dominga,Juliet,Yamoussoukro
1068,Sam,Marisa,San Juan
1069,Phedra,Oscar,Bangui
1070,Atlanta,Auberbach,Maputo
1071,Corry,Lacombe,Naypyidaw
1072,Anallese,Calhoun,Shillong
1073,Diena,Ahab,Tel Aviv
1074,Taffy,Ries,Jakarta
1075,Corene,Docilla,Gibraltar
1076,Basia,Morrill,Chicago
1077,Merry,Therine,Multan
1078,Theodora,Read,Toronto
1079,Goldie,Zaslow,Luanda
1080,Karina,Papageno,Frankfurt
1081,Elka,Chabot,Almaty
1082,Felice,Tacye,Mwanza
1083,Lisette,Belldas,Malmö
1084,Shannah,Hedve,Astana
1085,Kellen,Suk,Port Elizabeth
1086,Minne,Burkle,Pelotas
1087,Allis,Stefa,Luanda
1088,Quintina,Lory,Puerto Williams
1089,Dotty,Wesle,Tunis
1090,Aurelie,Halsey,Taiyuan
1091,Myriam,Vins,Tampere
1092,Gusella,Yam,Manama
1093,Jessamyn,Susannah,Bridgetown
1094,Celestyna,Amasa,Mogadishu
1095,Melanie,Ferino,Whitehorse
1096,Bernie,Poppy,Denver
1097,Ayn,Gualtiero,La Serena
1098,Gilda,Howlyn,Longyearbyen
1099,Tami,Melony,Dhaka
1100,Anica,Miru,Seville
1101,Phylis,Nerita,Toulouse
1102,Ilse,Longfellow,Freetown
1103,Lisette,Nadia,Bangkok
1104,Lorie,Bibi,İzmir
1105,Jany,Therine,Belgrade
1106,Paola,Craggie,Prague
1107,Nollie,Stefa,Bandar Seri Begawan
1108,Joy,Zaslow,Dili
1109,Merci,Margarete,Nakhon Ratchasima
1110,Rhoda,Jacinda,Siem Reap
1111,Kimberley,Willie,Oranjestad
1112,Kate,Malanie,Tel Aviv
1113,Joane,Irmine,Nice
1114,Shirlee,Roche,Gaziantep
1115,Meriel,Thilda,Praia
1116,Jolyn,LaRue,Brisbane
1117,Genevra,Dannye,Oslo
1118,Hallie,Konyn,Managua
1119,Gertrud,Mayeda,Buenos Aires
1120,Madeleine,Merell,Bratsk
1121,Consuela,Izaak,Sacramento
1122,Kamilah,Stanwood,Gaborone
1123,Marylou,Sadowski,Newcastle
1124,Veda,Goode,Charlotte Amalie
1125,Siana,Zrike,Tagbilaran
1126,Julieta,Quent,Brasília
1127,Cordi,Morgun,Taiyuan
1128,Sam,Casimir,Yekaterinburg
1129,Dulcinea,Winnick,Pittsburgh
1130,Anthia,Rosemary,Tabriz
1131,Celestyna,Bivins,Kabul
1132,Liana,Vorster,Stockholm
1133,Fred,Rugen,Nouakchott
1134,Kylynn,Whittaker,Serekunda
1135,Marylou,Horan,Guwahati
1136,Anica,Travax,Lilongwe
1137,Cam,Socha,Yamoussoukro
1138,Winifred,Narton,London
1139,Mathilda,Brieta,Melekeok
1140,Queenie,Amasa,Thessaloniki
1141,Claresta,Madaih,Charlottetown
1142,Rori,Birdella,Managua
1143,Fredericka,Justinn,Pekanbaru
1144,Nickie,Gert,Amsterdam
1145,Lyssa,Quent,Magadan
1146,Gretal,Ries,Belize City
1147,Camile,Cullin,Bulawayo
1148,Yolane,Hebner,San Juan
1149,Grier,Konyn,Cologne
1150,Ketti,Narton,Bilbao
1151,Vinita,Martsen,Tamale
1152,Kaja,Fax,Kaliningrad
1153,Linet,Killigrew,Libreville
1154,Blondelle,Damarra,New York City
1155,Jaclyn,Wallis,Tartu
1156,Nessie,Obed,Minneapolis
1157,Susan,Morgun,Andorra la Vella
1158,Deloria,Aldric,Santa Cruz de la Sierra
1159,Merci,Astra,Asmara
1160,Briney,Cleo,Sitka
1161,Basia,Anestassia,Khartoum
1162,Sallie,Brandice,Mashhad
1163,Lesly,Poppy,Nanjing
1164,Hallie,Merna,Amritsar
1165,Celisse,Saree,Mbabane
1166,Livvyy,Hashim,Odessa
1167,Ana,Fadiman,Batticaloa
1168,Queenie,Girardo,Qingdao
1169,Evita,Saunderson,Houston
1170,Magdalena,An,Lobamba
1171,Marline,Anestassia,Dar es Salaam
1172,Nickie,Tamsky,Shillong
1173,Gretal,Ackerley,Kuching
1174,Madalyn,Adlare,Madrid
1175,Joy,Seagraves,Denver
1176,Dione,Constancy,Caracas
1177,Lauryn,Francene,Quezon City
1178,Aurelie,Valoniah,Darwin
1179,Cassondra,Bobbee,Bridgetown
1180,Mireielle,Jenness,Dalian
1181,Brianna,Sheedy,Arbil
1182,Xylina,Bearnard,Prague
1183,Modestia,Iaverne,Tashkent
1184,Jacenta,Daegal,Saint-Pierre
1185,Cristabel,Francene,Munich
1186,Evita,Ioab,Stepanakert
1187,Kaia,Lorenz,Quebec City
1188,Leia,Shuler,Medellín
1189,Alie,Tomasina,Tehran
1190,Penelopa,Allina,Prague
1191,Lolita,Buckler,Shanghai
1192,Diena,Charity,Jayapura
1193,Lynde,Stelle,Cebu City
1194,Elyssa,Simmonds,Barranquilla
1195,Siana,Juliet,Baltimore
1196,Florencia,Karylin,Majuro
1197,Verla,Corilla,Ouagadougou
1198,Belva,Bow,Da Nang
1199,Devina,Pacorro,Perm
1200,Melanie,Burch,Rotterdam
1201,Fernande,Rhu,Baku
1202,Heddie,Nester,Dublin
1203,Kirstin,Iiette,Cincinnati
1204,Mahalia,Lubin,Monrovia
1205,Tilly,Suanne,Dublin
1206,Kathi,Iphlgenia,Gdańsk
1207,Jean,Jagir,Tiraspol
1208,Jan,Nadia,Forked River
1209,Ardenia,Goldina,Seattle
1210,Asia,Jacinda,Forked River
1211,Nadine,Riva,Lubumbashi
1212,Letizia,Lipson,Invercargill
1213,Perry,Screens,Madrid
1214,Cindelyn,Casimir,Ponta Delgada
1215,Etta,Reinke,Bursa
1216,Kate,Bow,Yellowknife
1217,Aurore,Claudine,Lanzhou
1218,Celestyna,Miru,San Diego
1219,Genevra,MacIntosh,Lanzhou
1220,Yvonne,Suk,Jayapura
1221,Atlanta,Rubie,Lahore
1222,Sherrie,Papageno,Ürümqi
1223,Ellette,Ludewig,Beirut
1224,Marjie,Nisbet,Port-au-Prince
1225,Hannis,Mullane,Tel Aviv
1226,Cristabel,Even,Maseru
1227,Wilma,Munn,Gaziantep
1228,Allis,Forrer,Bangui
1229,Isa,Allys,Bishkek
1230,Randa,Ingra,Manama
1231,Kara-Lynn,Astra,Tokyo
1232,Demetris,Maroney,Zagreb
1233,Chickie,Haymes,Accra
1234,Rosene,Maples,St. John's
1235,Lenna,Myrilla,Wuhan
1236,Lilith,Lorain,Mandurah
1237,Max,Pandolfi,Hamilton
1238,Lauryn,Maribeth,Rosario
1239,Marguerite,Pettiford,Saint-Pierre
1240,Willetta,Neils,Wichita
1241,Carly,Timon,Malang
1242,Orelia,Egbert,Bilbao
1243,Ekaterina,Viddah,Zanzibar City
1244,Darlleen,Chobot,Cardiff
1245,Amelia,Sallyann,Glasgow
1246,Hollie,Mozelle,Rabi Island
1247,Charlena,Haymes,Pristina
1248,Danika,Dowski,Daegu
1249,Shel,Hanshaw,Chengdu
1250,Rayna,Emmaline,Ankara
1251,Petronia,Earlie,Naypyidaw
1252,Carree,Ambrosia,Malabo
1253,Clo,Grobe,City of San Marino
1254,Belinda,Nickola,Budapest
1255,Adore,Goth,Adana
1256,Thalia,Faust,Longyearbyen
1257,Bertine,Giule,Saint Petersburg
1258,Jenilee,Mullane,Bogotá
1259,Kellen,Weitman,Gothenburg
1260,Madeleine,Roche,Vienna
1261,Steffane,Sekofski,Basra
1262,Vivia,Jillane,Chaguanas
1263,Mary,Emerson,Arequipa
1264,Joane,Dorothy,Sydney
1265,Harmonia,Fulmer,Hiroshima
1266,Helsa,Tiffa,Vienna
1267,Paule,Christal,Monaco
1268,Xylina,Bord,Albuquerque
1269,Brandise,Emmaline,Tashkent
1270,Chandra,Sandye,Vienna
1271,Liana,Laverne,Samara
1272,Glynnis,Doig,Paris
1273,Sharai,Tyson,Assis
1274,Luci,Ax,Helsinki
1275,Aili,Olnee,Santiago
1276,Mildrid,Mendez,Rio de Janeiro
1277,Elie,Burnside,Málaga
1278,Modestia,Havens,Zhengzhou
1279,Olwen,Deny,Agartala
1280,Ofilia,Karylin,Milwaukee
1281,Britni,Wind,Libreville
1282,Kittie,Stacy,Kandahar
1283,Mara,Pulsifer,Funafuti
1284,Merrie,Duwalt,Handan
1285,Melina,Evangelia,Tagbilaran
1286,Heida,Greyson,Strasbourg
1287,Cyndie,Pillsbury,Abidjan
1288,Hope,Latini,Valencia
1289,Deedee,Edison,Tokyo
1290,Rayna,Gordon,Kandy
1291,Alleen,Magnolia,Makassar
1292,Lulita,LaRue,Prague
1293,Katharina,Brunell,Amsterdam
1294,Georgetta,Lauraine,Brisbane
1295,Sashenka,Emmy,Dibrugarh
1296,Marcy,Philoo,Bergen
1297,Georgetta,Winthorpe,Adak
1298,Beth,Tamsky,Daegu
1299,Moyna,Hortensia,Charlotte Amalie
1300,Jemie,Kinnard,Pontianak
1301,Aurore,Melan,Hagåtña
1302,Rori,Hourigan,St. Louis
1303,Alie,Cassius,Surat
1304,Angelique,Alwin,Hargeisa
1305,Randa,Tippets,Ilhéus
1306,Shannah,Sparhawk,Angra do Heroísmo
1307,June,Stelle,Invercargill
1308,Lilith,Haldas,Lobamba
1309,Gianina,Roxanna,Murmansk
1310,Kellen,Travax,Bogotá
1311,Marguerite,Slifka,Santiago
1312,Christian,Adlare,New York City
1313,Donetta,Rona,Tianjin
1314,Almeta,Deny,Algiers
1315,Sharai,Nance,Da Nang
1316,Mara,Colyer,Kolkata
1317,Zia,Amand,Lubumbashi
1318,Merci,Arathorn,Auckland
1319,Eugine,Mozelle,Chiang Mai
1320,Caressa,Ilka,Nanjing
1321,Joy,Huggins,Saskatoon
1322,Charmaine,Goerke,Kandy
1323,Karly,Kiyoshi,Edmonton
1324,Zondra,Lowry,Abuja
1325,Catharine,Mullane,Riverside
1326,Basia,Glovsky,San Juan
1327,Catrina,Marsden,Maseru
1328,Berget,Sherrie,Brisbane
1329,Corene,Rosalba,Sitka
1330,Inga,Zetta,Pekanbaru
1331,Emilia,Donell,Yamoussoukro
1332,Candy,Lanita,Santa Cruz de la Sierra
1333,Cindelyn,Frodi,San Carlos de Bariloche
1334,Yolane,Neils,Dallas
1335,Benita,Travax,Berlin
1336,Tera,Rolf,Wichita
1337,Yvonne,Ovid,Phoenix
1338,Olwen,Cavan,Brussels
1339,Briney,Kazimir,Cleveland
1340,Sharai,Swanhildas,Santiago
1341,Quintina,Rurik,Columbus
1342,Mara,Hanshaw,Miri
1343,Abbie,Leifeste,Cleveland
1344,Margalo,Ephrem,Yaoundé
1345,Sam,Fancie,Tbilisi
1346,Jillayne,Mayeda,Amritsar
1347,Lauryn,Lacombe,Ilhéus
1348,Kassey,Oscar,Kaohsiung
1349,Brynna,Bendick,Saint John
1350,Wanda,Liva,Gibraltar
1351,Tami,Zenas,Buffalo
1352,Jaclyn,Honoria,Ahmedabad
1353,Rosanne,Jotham,Hamburg
1354,Genevra,Hepsibah,Athens
1355,Donnie,Daegal,Bahía Blanca
1356,Jacquetta,Thema,Canberra
1357,Lorie,Capello,Bergen
1358,Kirstin,Fontana,Avarua
1359,Kimmy,Adrienne,Cayenne
1360,Elbertina,Ursulette,Khartoum
1361,Robinia,Curren,Nicosia
1362,Maisey,Eben,Tijuana
1363,Eugine,Sekofski,Kano
1364,Sharlene,Gino,Okinawa
1365,Odessa,Tristram,Invercargill
1366,Micheline,Dulciana,Split (city)
1367,Sophia,Koehler,Multan
1368,Sara-Ann,Mayeda,Road Town
1369,Stephanie,Yerkovich,Lisbon
1370,Amelia,Terrence,Prague
1371,Lorne,Ortrude,Kandahar
1372,Myrtice,Noam,São Paulo
1373,Juliane,Rurik,Stanley
1374,Correy,Tiffa,Gothenburg
1375,Kittie,Ramona,Taipei
1376,Rosene,Valerio,Cayenne
1377,Dione,Tippets,Pristina
1378,Eugine,Poppy,Maceió
1379,Eve,Gombach,Algiers
1380,Peri,Letsou,Davao City
1381,Tracey,Docilla,Managua
1382,Taffy,Lea,Macapá
1383,Ninnetta,O'Neill,Alexandria
1384,Lelah,Pearse,Namangan
1385,Adore,Graig,Hanga Roa
1386,Gaylene,Si,Denver
1387,Ira,Zaslow,Warsaw
1388,Joelly,Soneson,Tucson
1389,Cordi,Fink,Bamako
1390,Di,Velick,Yokohama
1391,Christian,Ethban,Funafuti
1392,Caressa,Ferrell,Port Blair
1393,Aurelie,Felizio,Thiès
1394,Sallie,Allina,Maracaibo
1395,Sharlene,Garrison,Mecca
1396,Farrah,Mozelle,Banjul
1397,Amalie,Helfand,Johor Bahru
1398,Ricky,Jorgan,Frankfurt
1399,Brynna,Wallis,Townsville
1400,Jackie,Fiester,Bratislava
1401,Cyndie,Blake,Taiyuan
1402,Elyssa,Brotherson,Los Angeles
1403,Vita,Carolin,Glasgow
1404,Lanna,Emanuel,Nakhon Ratchasima
1405,Ardenia,Sperling,Quito
1406,Starla,Montgomery,Praia
1407,Nita,Hessler,Bishkek
1408,Minda,Noman,Gothenburg
1409,Ayn,Lenny,Mbabane
1410,Marjie,Alva,Athens
1411,Raquela,Skell,Yakutsk
1412,Leanna,Phaidra,Hobart
1413,Clementine,Revkah,San Juan
1414,Kirstin,Joli,Baltimore
1415,Noelle,Raseda,Avarua
1416,Marika,Marlie,Tunis
1417,Maud,Talia,Chicago
1418,Alex,Richers,Austin
1419,Elora,Luhe,Basra
1420,Lusa,Jary,Pekanbaru
1421,Brianna,Himelman,Mandurah
1422,Winifred,Ludewig,Turin
1423,Hallie,Jobi,Calama
1424,Jaime,Konyn,Albuquerque
1425,Flo,Peg,Campinas
1426,Konstance,Allys,Porto
1427,Arabel,Infield,Adamstown
1428,Laure,Curren,South Tarawa
1429,Penelopa,Eiser,Hilo
1430,Veda,Liva,Saint-Pierre
1431,Atlanta,Ackerley,Mogadishu
1432,Dione,Sandye,Las Palmas de Gran Canaria
1433,Raf,Seessel,Kingston
1434,Mathilda,Brotherson,Tagbilaran
1435,Aili,Bandeen,Horta (Azores)
1436,Mallory,Blake,Puebla
1437,Brynna,Susannah,Kawasaki
1438,Alie,Edison,Guayaquil
1439,Hermione,Stilwell,Zagreb
1440,Britni,Daegal,Stuttgart
1441,Wileen,Tound,Stanley
1442,Vanessa,Astra,Bilbao
1443,Jerry,Sperling,Oklahoma City
1444,Jenda,Marsden,Belgrade
1445,Silvana,Telfer,Brikama
1446,Jasmina,Fredi,Rawalpindi
1447,Regina,O'Carroll,Namangan
1448,Nonnah,Cornelia,Moscow
1449,Bertine,Cloris,Cork (city)
1450,Ermengarde,Stephie,Nuuk
1451,Gusella,Gordon,Yogyakarta (city)
1452,Pierette,Saree,Asunción
1453,Brooks,Chauncey,Islamabad
1454,Sue,Pond,Horta (Azores)
1455,Berget,Goerke,New York City
1456,Beverley,Adalbert,La Paz
1457,Oona,Lenny,Medan
1458,Annice,Lytton,Zapopan
1459,Florencia,Vacuva,Vatican City
1460,Lynde,Soneson,Daegu
1461,Cacilie,Wadell,Mendoza
1462,Alyssa,Catie,Tunis
1463,Vere,Longfellow,Adana
1464,Farrah,Ogren,Tartu
1465,Jsandye,Brotherson,Yaoundé
1466,Lanna,Keily,N'Djamena
1467,Christy,Argus,Cincinnati
1468,Florie,Bonucci,Hamilton
1469,Tierney,Ovid,Cockburn Town
1470,Orelia,Yusuk,Santa Cruz de la Sierra
1471,Marita,Harl,Tehran
1472,Dulce,Eiser,Miri
1473,Dennie,Thornburg,South Tarawa
1474,Alejandra,Allys,Anadyr (town)
1475,Shel,Robertson,Davao City
1476,Fidelia,Raul,Riga
1477,Jenilee,Bartlett,Koulikoro
1478,Demetris,Anastatius,Austin
1479,Georgina,Hedve,Kingston
1480,Codie,Connelly,Makassar
1481,Rebeca,Darrell,Da Nang
1482,Rochette,Kunin,Medina
1483,Helena,Imelida,Kobe
1484,Alisha,Rogerio,Aberdeen
1485,Neila,Wiener,Helsinki
1486,Robinia,Publia,Cologne
1487,Clo,Wiener,Nakhon Ratchasima
1488,Bertine,Dichy,Auckland
1489,Jaclyn,Swigart,Brikama
1490,Felice,Reidar,Manila
1491,Libbie,Pitt,Minsk
1492,Jaclyn,Love,Brisbane
1493,Jennica,Evangelia,Accra
1494,Flo,Hoenack,Iquitos
1495,Dagmar,Roarke,Accra
1496,Jackie,Morgun,Luanda
1497,Gwyneth,Rodmann,Peshawar
1498,Ekaterina,Naor,San Antonio
1499,Constance,Nance,Shillong
1500,Georgetta,Grosz,Iquitos
1501,Charlena,Gino,Palembang
1502,Anestassia,Toffic,Canberra
1503,Shannah,Sekofski,Portland
1504,Giustina,Wenoa,N'Djamena
1505,Caritta,Wattenberg,Houston
1506,Dominga,O'Rourke,Ouagadougou
1507,Imojean,Lilybelle,Glasgow
1508,Sherrie,Phi,Namangan
1509,Shauna,Wallis,Thessaloniki
1510,Joceline,Frendel,Ibiza
1511,Lonnie,Shuler,Philadelphia
1512,Peri,Celestine,Norilsk
1513,Merry,Susannah,Perth
1514,Genovera,Lilas,Taichung
1515,Alisha,Madaih,Tehran
1516,Fredericka,Noelyn,Bratsk
1517,Inga,Leary,Perm
1518,Jere,Wolfgram,Ponta Delgada
1519,Micheline,An,Sabha
1520,Melanie,Gregrory,Virginia Beach
1521,Mary,Brunell,Cairo
1522,Genevra,Fiester,Prague
1523,Oralee,Pond,Tripoli
1524,Clo,Lemuela,Vientiane
1525,Olwen,Denis,Changchun
1526,Gratia,Baudin,Valletta
1527,Corly,Garrison,Nassau
1528,Roslyn,Olnee,Nicosia
1529,Fawne,Flyn,Barcelona
1530,Anallese,Gerge,Banjul
1531,Misha,Sophronia,Kiev
1532,Kalina,Daveta,Rawalpindi
1533,Blondelle,Amethist,Hamilton
1534,Ninnetta,Guthrie,Longyearbyen
1535,Wanda,Flyn,Guwahati
1536,Consuela,Thornburg,Kraków
1537,Albertina,Laurianne,Medellín
1538,Lexine,Hilbert,Honiara
1539,Jinny,Kevon,Libreville
1540,Donnie,Terrence,Angra do Heroísmo
1541,Dawn,Garbe,Shanghai
1542,Dawn,Zola,Alexandria
1543,Blinni,Edmund,Tampa
1544,Alia,Jillane,Manila
1545,Kore,Pulsifer,Miri
1546,Silvana,Rugen,Zagreb
1547,Kirstin,McAdams,Srinagar
1548,Laure,Callista,St. John's
1549,Sharai,Socha,Yerevan
1550,Melanie,Lilybelle,Fairbanks
1551,Odessa,Guthrie,The Valley
1552,Carmencita,Uund,Panama City
1553,Frances,Catie,Santiago de Cuba
1554,Paule,Wind,Port Hedland
1555,Katuscha,Llovera,Hargeisa
1556,Henriette,Lindemann,Helsinki
1557,Binny,Arne,Fukuoka
1558,Dolli,Mitzi,Hobart
1559,Allyce,Junie,Santa Cruz de Tenerife
1560,Emilia,Mintz,Vilnius
1561,Alejandra,Goth,Shijiazhuang
1562,Melisent,Lilybelle,Nanjing
1563,Tarra,Merriott,Kabul
1564,Genevra,Carbo,Vientiane
1565,Nicoli,Malina,Asunción
1566,Layla,Afton,Denpasar
1567,Jaime,Ackerley,Vienna
1568,Darlleen,Olnee,Tamale
1569,Kathi,Bollay,Riverside
1570,Melanie,Gusella,Semarang
1571,Gavrielle,Hurley,Shenyang
1572,Norine,Joeann,Minneapolis
1573,Karlee,Payson,Nanning
1574,Maridel,Melan,Okinawa
1575,Clary,Frodi,Ljubljana
1576,Pollyanna,Ashok,Amritsar
1577,Sean,Terrence,Wollongong
1578,Gloria,Donell,Veracruz
1579,Aeriela,Craggie,Ndola
1580,Leia,Ellerey,Gibraltar
1581,Carilyn,Bury,Qingdao
1582,Lenna,Anderea,Banjul
1583,Doro,Egbert,Denver
1584,Melanie,Fax,La Paz
1585,Lizzie,Philipp,Peshawar
1586,Celene,Eno,Karachi
1587,Ekaterina,Jenness,Guwahati
1588,Beth,Boehike,Brazzaville
1589,Gabriellia,Faria,Tartu
1590,Albertina,Lanita,Stepanakert
1591,Keelia,Gerge,Monterrey
1592,Barbara,Hutchison,City of San Marino
1593,Leontine,Dominy,Busan
1594,Hildegaard,Ephrem,Ciudad del Este
1595,Phedra,Karylin,Makati City
1596,Sybille,Orelee,Pago Pago
1597,Ursulina,Evvie,Siem Reap
1598,Ira,Helve,Bratsk
1599,Theodora,Voletta,Geneva
1600,Lanna,Rugen,Veracruz
1601,Sarette,Emerson,Bloemfontein
1602,Fawne,Pearse,Blantyre
1603,Lanna,Land,Puerto Williams
1604,Shandie,Bonilla,Rawalpindi
1605,Alameda,Ammann,Chicago
1606,Penelopa,Connelly,Doha
1607,Consuela,Lemuela,Ibiza
1608,Anica,Bord,Hangzhou
1609,Ida,Zeeba,Maseru
1610,Vonny,Waldron,Pago Pago
1611,Lisette,Edvard,Tirana
1612,Nita,An,Perm
1613,Madeleine,Ummersen,Tokyo
1614,Sue,Sperling,Lanzhou
1615,Sara-Ann,Leffen,Bangkok
1616,Jinny,Pandolfi,Asmara
1617,Oralee,Skurnik,Tskhinvali
1618,Hettie,Isidore,Gaborone
1619,Ardys,Bashemeth,Mashhad
1620,Ulrike,Wilkinson,St. John's
1621,Tani,Bandeen,Rotterdam
1622,Merrie,Cleavland,Apia
1623,Zsa Zsa,Cookie,Bulawayo
1624,Clary,Concha,Ottawa
1625,Lauryn,Jena,Roseau
1626,Gaylene,Roxanna,Mersin
1627,Lolita,Gwenore,Shanghai
1628,Marylou,Roumell,Chongjin
1629,Joleen,Lacombe,Zapopan
1630,Adele,Vorster,La Paz
1631,Eve,Estella,Las Vegas
1632,Bibby,Allys,Mexico City
1633,Jacenta,Bevin,Anadyr (town)
1634,Katuscha,Damarra,Malabo
1635,Chickie,Martguerita,Thimphu
1636,Shirlee,Vilma,Miri
1637,Selia,Ferrell,Copenhagen
1638,Jsandye,Kussell,Whitehorse
1639,Berta,Mallon,Brasília
1640,Vanessa,Atonsah,Dededo
1641,Lindie,Soneson,Maracaibo
1642,Chloris,Meli,Lucknow
1643,Mahalia,Goode,Saint John
1644,Kaja,Wyn,Mbabane
1645,Shell,Mathilde,Brisbane
1646,Jan,Latini,Tianjin
1647,Aubrie,Lewes,Malé
1648,Dulce,Remmer,Hobart
1649,Laure,Lenny,Malang
1650,Meghann,Abram,Prague
1651,Christian,Kalinda,Glasgow
1652,Sallie,Roxanna,Riverside
1653,Elmira,Mehalek,Damascus
1654,Dotty,Rubie,Gold Coast
1655,Edyth,Concha,Maceió
1656,Ileana,Margret,Medellín
1657,Tonia,Stover,Shijiazhuang
1658,Lulita,Sacken,Rabat
1659,Caritta,Zetta,Houston
1660,Jaime,Tryck,Okinawa
1661,Leontine,Henrie,Ahmedabad
1662,Kara-Lynn,Crudden,Edmonton
1663,Ann-Marie,Hollingsworth,Nakhon Ratchasima
1664,Lynea,Gualtiero,Puebla
1665,Vevay,Presber,Nukulaelae
1666,Selma,Bertold,San José
1667,Kaia,Capello,Semarang
1668,Augustine,Ezar,Denver
1669,Tori,Macey,Veracruz
1670,Eugine,Atonsah,Dalian
1671,Barbi,Tristram,Arbil
1672,Olivette,Deny,Kandy
1673,Hannis,Leler,Quebec City
1674,Lily,Wind,Bamako
1675,Nadine,Maryanne,Santiago de Cuba
1676,Lucy,Buttaro,Pelotas
1677,Roxane,Parsaye,San Francisco
1678,Patricia,Magdalen,Gold Coast
1679,Patricia,Dowski,Aarhus
1680,Cacilie,Terencio,Mérida
1681,Perry,Ferrell,Maseru
1682,Blinni,Seessel,Baltimore
1683,Minne,Gino,Conakry
1684,Grier,Cadmar,Chennai
1685,Arlena,Schonfeld,Dodoma
1686,Helsa,Lia,Suva
1687,Doro,Iphlgenia,Nanjing
1688,Tybie,Merat,Castries
1689,Candi,Linskey,Guadalajara
1690,Danika,Trinetta,Melekeok
1691,Mary,Garbe,Brisbane
1692,Malina,Plato,Tripoli
1693,Verla,Lalitta,Macapá
1694,Rhea,Pettiford,Christchurch
1695,Phylis,Caitlin,Nanjing
1696,Lorie,Ludewig,Valencia
1697,Phedra,Behre,Hanover
1698,Kristan,Ailyn,Udon Thani
1699,Marguerite,Obed,Gaborone
1700,Shel,Tristram,Port of Spain
1701,Louella,Rooney,Houston
1702,Codie,Alcott,Saint John
1703,Ardys,Dom,Calgary
1704,Priscilla,Sandye,Baltimore
1705,Lorne,Demitria,Anchorage
1706,Rani,Shuler,N'Djamena
1707,Susette,Richers,Chengdu
1708,Gusty,Pillsbury,Saskatoon
1709,Kristina,My,Málaga
1710,Alejandra,Baylor,Cairns
1711,Tera,Lorenz,Atlanta
1712,Nariko,Heidt,Toronto
1713,Priscilla,Oster,Cincinnati
1714,Dagmar,Halla,Budapest
1715,Jacenta,Holtz,Monaco
1716,Brietta,Loeb,Peshawar
1717,Marnia,Dunkin,São Tomé
1718,Alyda,Tybald,Guatemala City
1719,Kirbee,LaRue,Hyderabad
1720,Max,Lattie,Innsbruck
1721,Lorne,Voletta,Copenhagen
1722,Aeriela,Briney,Thessaloniki
1723,Caryl,Lissi,Chittagong
1724,Aryn,Stilwell,Adamstown
1725,Clementine,Ambrosia,Toulouse
1726,Asia,Bohlin,Astana
1727,Debee,Zamora,Chittagong
1728,Mahalia,Burkle,Ho Chi Minh City
1729,Chickie,Hortensia,Cork (city)
1730,Myrtice,Seligman,Antananarivo
1731,Kalina,Dannye,Kano
1732,Michaelina,Wu,Tunis
1733,Heddie,Cottle,Chengdu
1734,Merrie,Rolf,South Tarawa
1735,Olivette,Whiffen,Vitória
1736,Fanchon,Hoban,Canberra
1737,Magdalena,Cath,Majuro
1738,Verla,Bronk,Islamabad
1739,Dorice,Rustice,Shigatse
1740,Angelique,Adalbert,Port Said
1741,Tracey,Pulsifer,Assis
1742,Belinda,Vorster,San Antonio
1743,Britte,Candy,Tartu
1744,Magdalena,Mehalek,Daegu
1745,Monika,Stoller,Hanga Roa
1746,Emma,Bettine,St. John's
1747,Daphne,Kendrick,Surat
1748,Cathyleen,Grayce,Tegucigalpa
1749,Ilse,Han,Amman
1750,Ethel,Woodberry,Lisbon
1751,Felice,Wareing,Chihuahua
1752,Fredericka,Virgin,Arequipa
1753,Jolyn,Carmena,São José dos Campos
1754,Ruthe,Tremayne,Nouakchott
1755,Stevana,Rheingold,Singapore
1756,Janenna,Alwin,Bratsk
1757,Madeleine,Pearse,Nice
1758,Lesly,Eno,Toulouse
1759,Jemie,Gale,Greenwich
1760,Edee,Vanni,Guwahati
1761,Joane,Aaberg,Palma
1762,Alie,Abbot,San Juan
1763,Catharine,Capello,Philadelphia
1764,Moyna,Terrence,Oklahoma City
1765,Nataline,Gino,Cayenne
1766,Justinn,Fiester,Mandurah
1767,Carly,Amethist,Osaka
1768,Hyacinthe,Pitt,Bangui
1769,Tani,Eldrid,Kuwait City
1770,Maye,Bohlin,Pontianak
1771,Ofilia,Velick,Avarua
1772,Emilia,Rubie,Córdoba
1773,Sue,Raama,Magadan
1774,Yvonne,Astra,Kraków
1775,Lucy,Jehu,New Delhi
1776,Jennica,Ranjiv,Thiès
1777,Annabela,Melan,Lanzhou
1778,Shandie,Cimbura,Port Moresby
1779,Emelina,Madox,Sitka
1780,Dulce,Kelula,Johannesburg
1781,Tonia,Dielu,Bandar Seri Begawan
1782,Paulita,Olympium,Beijing
1783,Linet,Hylan,Taichung
1784,Olwen,Earlie,Rio de Janeiro
1785,Marti,Deny,Monrovia
1786,Gwenneth,Brady,Yerevan
1787,Raf,Center,Cartagena
1788,Violet,Francene,Omdurman
1789,Kary,Harned,Maseru
1790,Nickie,Billye,Gothenburg
1791,Kaia,Middleton,Cairns
1792,Marcy,Dudley,Johor Bahru
1793,June,Ruvolo,Hong Kong
1794,Celene,Shanley,Roseau
1795,Winifred,Greyson,Freetown
1796,Marinna,Yorick,Tirana
1797,Deane,Byrne,Makassar
1798,Laurene,Lubin,Yerevan
1799,Theodora,Morehouse,Port-au-Prince
1800,Lorne,Sundin,Ndola
1801,Karina,Pernick,Birkirkara
1802,Louella,Prober,Weno
1803,Amii,Socha,Islamabad
1804,Betta,Danby,Quezon City
1805,Sharai,Baptlsta,Addis Ababa
1806,Deane,Oneida,Monrovia
1807,Renie,Cecile,Cali
1808,Priscilla,Carvey,Kuching
1809,Ezmeralda,Robertson,Port of Spain
1810,Demetris,Sophronia,Austin
1811,Susan,Cordi,Guayaquil
1812,Tera,Thomasina,Thiès
1813,Tilly,Harday,Cali
1814,Linzy,Cristi,Tucson
1815,Maryellen,Wadell,Gibraltar
1816,Lorne,Taima,St. Louis
1817,Elka,Zrike,Timbuktu
1818,Danika,Amadas,Zürich
1819,Lucy,Firmin,Bloemfontein
1820,Jaclyn,Meter,São José dos Campos
1821,Dari,Orpah,Apia
1822,Yolane,Carey,Dhaka
1823,Valli,Vale,Berlin
1824,Vinita,Rosette,Townsville
1825,Elsie,Baptlsta,Salt Lake City
1826,Karly,Luhe,Luxembourg (city)
1827,Ericka,Hunfredo,Libreville
1828,Berta,Forrer,Milan
1829,Stevana,Aloise,Las Palmas de Gran Canaria
1830,Farrah,Jalbert,Libreville
1831,Valera,Richers,Ambon
1832,Marika,Waite,Arequipa
1833,Kayla,Kenwood,Pretoria
1834,Stevana,Standing,Stanley
1835,Fanchon,Tamsky,Sucre
1836,Imojean,Thunell,Norilsk
1837,Donnie,Kermit,Saint John
1838,Asia,Turne,Oklahoma City
1839,Albertina,Fairweather,Jacksonville
1840,Michaelina,Cleo,Lagos
1841,Selma,Torray,Kuwait City
1842,Raina,Colleen,Fredericton
1843,Georgetta,Ursulette,Huế
1844,Arlena,Cloris,Cannes
1845,Sherrie,Erb,Samara
1846,Priscilla,Sherfield,Suva
1847,Lorne,Delacourt,Bratislava
1848,Genevra,Muriel,Yamoussoukro
1849,Averyl,Fleeta,Cayenne
1850,Alejandra,Schalles,Tallinn
1851,Brena,Ledah,Norilsk
1852,Ivett,Gombach,Mérida
1853,Marguerite,Middleton,Nouméa
1854,Arlena,Wildermuth,Pekanbaru
1855,Ericka,Graig,Marrakech
1856,Viki,Lasley,New Delhi
1857,Ivett,Ferrell,Port Hedland
1858,Margette,Keily,Tampere
1859,Lauryn,Clie,Batticaloa
1860,Wanda,Lynn,Valletta
1861,Johna,Lamoree,Shigatse
1862,Nonnah,Malvino,Fortaleza
1863,Marylou,Lamoree,Ottawa
1864,Elsie,Sidonius,Vientiane
1865,Demetris,Velick,Hong Kong
1866,Teriann,Niccolo,Kandahar
1867,Regina,Braun,Dibrugarh
1868,Neila,Rogerio,Mexico City
1869,Adelle,Palocz,Alofi
1870,Allis,Fosque,Port Louis
1871,Elsie,Vale,Suez
1872,Gisela,Tremayne,Rome
1873,Karly,Susannah,Puebla
1874,Adelle,Brunell,Valparaíso
1875,Chloris,Gino,St. John's
1876,Clarice,Warthman,Dibrugarh
1877,Briney,Orelee,Avarua
1878,Di,Brackely,Libreville
1879,Asia,Dituri,Lima
1880,Sharlene,Baptlsta,Changchun
1881,Estell,Newell,London
1882,Dode,Hirsch,Antofagasta
1883,Ninnetta,Alcott,Nakhon Ratchasima
1884,Shauna,Bettine,Hamburg
1885,Melanie,Sacken,Banda Aceh
1886,Gloria,Andrel,Nukus
1887,Pierette,Joachim,Baku
1888,Lory,Koehler,Cebu City
1889,Philis,Rosette,Beijing
1890,Evita,Kaete,Koulikoro
1891,Jenilee,Payson,Andorra la Vella
1892,Sheree,Alejoa,Ciudad del Este
1893,Kylynn,Anton,Kanpur
1894,Ernesta,Dichy,Port Moresby
1895,Sarette,Jotham,Marrakech
1896,Letizia,Loleta,Gold Coast
1897,Iseabal,Hilbert,Bratislava
1898,Ottilie,Marcellus,Pristina
1899,Valeda,Poll,Bangkok
1900,Perry,Leifeste,Lima
1901,Florencia,Jeanne,Gibraltar
1902,Alameda,Warthman,Virginia Beach
1903,Minda,Monk,Antwerp
1904,Gratia,Ulphia,Douala
1905,Raf,Baptlsta,Riverside
1906,Tierney,Lucienne,Sitka
1907,Sue,Blisse,Baku
1908,Shaylyn,Stover,Edmonton
1909,Etta,Brotherson,Timbuktu
1910,Doralynne,Kunin,Road Town
1911,Yolane,Tannie,Taichung
1912,Annabela,Francene,San Salvador
1913,Ofilia,Kinnard,Marseille
1914,Kittie,Parette,Rio de Janeiro
1915,Vivia,Charity,Batticaloa
1916,Silvana,Ramona,Alor Star
1917,Sissy,Alice,Malang
1918,Shel,Plato,Kolkata
1919,Mildrid,Israeli,Puerto Williams
1920,Marcelline,Kravits,Makassar
1921,Asia,Bronk,Mandurah
1922,Sam,Jerald,Rotterdam
1923,Carlie,Bartlett,Hong Kong
1924,Darci,Dominy,Berlin
1925,Cathyleen,Jaylene,Mersin
1926,Tierney,Zachary,Dhaka
1927,Gusella,Knowling,Iquitos
1928,Zondra,Fulmer,Porto Velho
1929,Belinda,Ezar,Funafuti
1930,Moyna,Thornburg,Naypyidaw
1931,Tobe,Gillan,Zapopan
1932,Glynnis,Allys,Tórshavn
1933,Katuscha,Bettine,Nakhon Ratchasima
1934,Nollie,Greyson,Rabi Island
1935,Arlena,Aloise,Los Angeles
1936,Carolina,Chobot,Geneva
1937,Alie,Decato,Huế
1938,Kassey,Valerio,Bishkek
1939,Rivalee,Fontana,Winnipeg
1940,Oralee,Urias,Balikpapan
1941,Flory,Bach,Belmopan
1942,Mellicent,Gordon,Francistown
1943,Wendi,Berne,Busan
1944,Marline,Rossner,Luxembourg (city)
1945,Theodora,Isidore,Cleveland
1946,Dyann,Othilia,Doha
1947,Marsiella,Tannie,Dongguan
1948,Tori,Tybald,Amman
1949,Nita,Taima,Asmara
1950,Hildegaard,Sundin,Addis Ababa
1951,Kaia,Fleeta,Mexico City
1952,Kassey,Joeann,Baghdad
1953,Carilyn,Esmaria,Apia
1954,Catharine,Nadia,Ashgabat
1955,Sue,Slifka,Mumbai
1956,Shauna,Cimbura,Palembang
1957,Luci,Eno,Chaguanas
1958,Justinn,Kirbee,Bandung
1959,Sabina,Waite,San Salvador
1960,Kimberley,Laverne,Nicosia
1961,Vanessa,Earlie,Cincinnati
1962,Carlie,Gerge,Balikpapan
1963,Clarice,Paine,Portland
1964,Shirlee,Grayce,Chongqing
1965,Calla,Sikorski,Hagåtña
1966,Jessy,Aldric,Tiraspol
1967,Beatriz,My,Quetzaltenango
1968,Tami,Peti,Cayenne
1969,Marita,Pattin,Jacksonville
1970,Diena,Lilas,Melbourne
1971,Alexine,Rillings,Hangzhou
1972,Annabela,Wenoa,Casablanca
1973,Margalo,Decato,Puerto Williams
1974,Celestyna,Alabaster,Madrid
1975,Evita,Sinegold,New York City
1976,Aili,Alarise,Astana
1977,Deloria,Audly,Tabriz
1978,Gwenneth,Gombach,Reykjavík
1979,Maud,Blisse,Los Angeles
1980,Jan,Georas,Oslo
1981,Gilligan,Primalia,Chengdu
1982,Caressa,Camden,Sydney
1983,Leanna,Tjon,Atlanta
1984,Alleen,Eliathas,Yaren District
1985,Catharine,Harned,Riga
1986,Michaelina,Ophelia,Dhaka
1987,Raina,Urania,Bishkek
1988,Cordi,Cosenza,Düsseldorf
1989,Inga,Pelagias,Tampa
1990,Brietta,Keily,Daegu
1991,Lilith,Suk,Düsseldorf
1992,Bertine,Prober,Pago Pago
1993,Gisela,Charity,Abuja
1994,Dennie,Nicoline,Vitória
1995,Starla,Hachmin,Las Palmas de Gran Canaria
1996,Kara-Lynn,Manolo,Canberra
1997,Larine,Bergman,Sucre
1998,Beatriz,Lamoree,Jersey City
1999,Hayley,Leonard,Düsseldorf
2000,Patricia,Rosette,Xining
2001,Sarette,Annice,Nice
2002,Reeba,Ietta,Riga
2003,Sissy,Heidt,Ibiza
2004,Carly,Lacombe,Konya
2005,Dione,Schroth,Phnom Penh
2006,Beatriz,Bethany,Beijing
2007,Sophia,Marlie,Medan
2008,Gwenneth,Kiersten,Iquitos
2009,Violet,Urias,Beirut
2010,Gertrud,Billye,Stanley
2011,Olivette,Sasnett,Manaus
2012,Loree,Maiah,Chuí
2013,Tressa,Wandie,Tartu
2014,Lucille,Rossner,Malang
2015,Ingrid,Quent,Castries
2016,Candy,Shama,Alofi
2017,Helsa,Amand,Madrid
2018,Ottilie,Ahab,Belmopan
2019,Janenna,Travax,Luxembourg (city)
2020,Mamie,Evvie,Yaoundé
2021,Frances,Clie,Dublin
2022,Rosabelle,Camden,Ljubljana
2023,Carolina,Glenden,Ulan Bator
2024,Adelle,Jeanne,Ndola
2025,Marita,Herrera,Douala
2026,Magdalena,Shaver,Cockburn Town
2027,Jennica,Huggins,Horta (Azores)
2028,Frieda,Eachern,Frankfurt
2029,Harmonia,Ummersen,Kanpur
2030,Carlie,Gahl,Medina
2031,Ingrid,Judye,Ponta Delgada
2032,Jillayne,Junie,Edinburgh
2033,Karena,Johanna,Santa Cruz de la Sierra
2034,Aurelie,Hilbert,Lusaka
2035,Marika,Salvidor,Managua
2036,Sara-Ann,Kevon,Amman
2037,Giustina,Esmaria,Madrid
2038,Silvana,Stoller,Djibouti (city)
2039,Layla,Dituri,Busan
2040,Lonnie,Linehan,San Carlos de Bariloche
2041,Elie,Allys,Calgary
2042,Jolyn,Dahlia,Port Said
2043,Augustine,Plato,Ibiza
2044,Verla,Artie,Tbilisi
2045,Cathie,Wenoa,Guayaquil
2046,Tressa,Sherfield,Luxembourg (city)
2047,Gerianna,Lewes,Düsseldorf
2048,Sheree,Philipp,Brikama
2049,Mariann,Creamer,Raleigh
2050,Evita,Weinreb,Incheon
2051,Nannie,Berl,Kobe
2052,Emelina,Brian,Bern
2053,Jobi,Pip,Arequipa
2054,Chandra,Loring,Jeddah
2055,Gretal,Catie,San Antonio
2056,Cherrita,Neva,Belize City
2057,Karlee,Lasley,Santa Cruz de Tenerife
2058,Jaclyn,Klemperer,Luanda
2059,Cristabel,Verger,Vaduz
2060,Karlee,Lorain,Marseille
2061,Diena,Stephie,Sydney
2062,Rani,Gregrory,Santa Cruz de Tenerife
2063,Susan,Alva,Manchester
2064,Clementine,Barbey,Banjul
2065,Phylis,Curren,Jacksonville
2066,Caressa,Nester,Jayapura
2067,Flo,Glovsky,Memphis
2068,Merci,Sparhawk,Cleveland
2069,Abbie,Neva,Hamburg
2070,Julieta,Vivle,Charlottetown
2071,Pierette,Fillbert,Vladivostok
2072,Tersina,Nerita,Makati City
2073,Sybille,Sadowski,Kandy
2074,Marinna,Donoghue,Apia
2075,Cherrita,Fulmer,Cologne
2076,Ermengarde,Hilbert,Rio de Janeiro
2077,Flo,Thilda,Reykjavík
2078,Charissa,Baptlsta,Rockhampton
2079,Lilith,Docilla,Belmopan
2080,Anestassia,Dyche,Hanover
2081,Nataline,Dorothy,Nanjing
2082,Annabela,Rhu,Samara
2083,Dulce,Cassius,Invercargill
2084,Katleen,Weinreb,Hangzhou
2085,Veda,Suzetta,Balikpapan
2086,Jaclyn,Chem,Baghdad
2087,Fredericka,Hachmin,Moroni
2088,Lily,Jotham,Mexicali
2089,Cyb,Kaete,Kuching
2090,Aryn,Yoko,Dongguan
2091,Emelina,Rebecka,Kaliningrad
2092,Kelly,Vanni,Peshawar
2093,Raquela,Stilwell,Dalian
2094,Nanete,Estella,Luxor
2095,Meg,Vacuva,Amsterdam
2096,Cassandra,Reinke,Durban
2097,Kellen,Dimitris,Liverpool
2098,Addia,Cristi,Antofagasta
2099,Cacilie,Clarissa,Douala
2100,Helena,Bates,Ashgabat
2101,Tamqrah,Peonir,Davao City
2102,Daphne,Adore,Nouakchott
2103,Amelia,Noelyn,Vancouver
2104,Ileana,Fredi,Bandung
2105,Jacenta,Carmena,Shanghai
2106,Sonni,Baylor,Balikpapan
2107,Lita,Danby,Jakarta
2108,Karolina,Levey,Mashhad
2109,Farrah,Old,Tucson
2110,Ebonee,Andrel,Yaren District
2111,Althea,Hortensia,Banjul
2112,Tera,Emmaline,Louisville
2113,Jaime,Zrike,Makassar
2114,Stacey,Carbo,Wellington
2115,Audrie,Ummersen,Aberdeen
2116,Alameda,Bevin,Providence
2117,Marinna,Carri,Makati City
2118,Emmey,Skell,Puerto Williams
2119,Silvana,Myrilla,Monrovia
2120,Gaylene,Pulsifer,Mbabane
2121,Neila,Diogenes,Nanning
2122,Sindee,Karylin,Jeddah
2123,Jany,Ursulette,Mandurah
2124,Charissa,Goerke,Budapest
2125,Bibby,Anestassia,Porto Alegre
2126,Magdalena,Anselmi,Mbabane
2127,Jenilee,Avi,Innsbruck
2128,Babita,Schalles,Cape Town
2129,Noelle,Santoro,Cusco
2130,Dode,Thad,Iqaluit
2131,Chastity,Pitt,Valletta
2132,Livvyy,Roumell,Multan
2133,Lorie,Ilka,Memphis
2134,Gabi,Sandye,Cannes
2135,Cherilyn,Blisse,Casablanca
2136,Pearline,Stav,Ciudad del Este
2137,Marika,Alwin,Ashgabat
2138,Neila,Berne,Assis
2139,Kara-Lynn,Dreda,Malé
2140,Diena,Eldrid,Managua
2141,Rosaline,Natalia,Papeete
2142,Brianna,Tybald,Fukuoka
2143,Verla,Sadowski,Barcelona
2144,Lory,Milson,Puebla
2145,Marcelline,Ade,Atlanta
2146,Gwyneth,Lattie,Andorra la Vella
2147,Deirdre,Yusuk,Jaipur
2148,Shauna,Sibyls,Fortaleza
2149,Blinni,Rolf,Valparaíso
2150,Sandie,Bluh,Kyoto
2151,Cordi,Lattie,St. John's
2152,Jere,Calhoun,Rio de Janeiro
2153,Barbi,Skell,Las Palmas de Gran Canaria
2154,Charissa,Aurelio,Pyongyang
2155,Sarette,Zina,Surat
2156,Florie,Regan,St. Louis
2157,Emylee,Rugen,Hobart
2158,Jessy,Berl,Leeds
2159,Dania,Kat,Copenhagen
2160,Hyacinthe,Yuille,Dar es Salaam
2161,Dotty,Verger,Naypyidaw
2162,Elfreda,Lymann,Harbin
2163,Margette,Juliet,South Tarawa
2164,Sophia,Roche,Espoo
2165,Corly,Weitman,Porto Velho
2166,Oralee,Kinnard,São José dos Campos
2167,Corina,Ralfston,Charlottetown
2168,Mureil,Corabella,Mecca
2169,Ninnetta,Sabella,Palma
2170,Shannah,Ortrude,Bogotá
2171,Valli,Pattin,Yellowknife
2172,Margette,Honoria,Tucson
2173,Dacia,Bonucci,Sitka
2174,Addia,Faria,Athens
2175,Netty,Nore,Murmansk
2176,Alleen,Ralfston,Tabriz
2177,Alyda,Ogren,Nashville
2178,Hyacinthe,Norvol,Yekaterinburg
2179,Sara-Ann,Tayib,Calama
2180,Chrystel,Natalia,Gangtok
2181,Miquela,August,Dublin
2182,Stacey,Gladstone,Kano
2183,Aili,Beniamino,Abuja
2184,Ingrid,Gahl,Antwerp
2185,Thalia,Chobot,Rabat
2186,Ronna,Jalbert,Jersey City
2187,Dania,Torray,Athens
2188,Pearline,Talia,Serekunda
2189,Elsie,Dex,Lahore
2190,Allis,Graig,Livingstone
2191,Trudie,Hortensia,Porto Alegre
2192,Chloris,Delp,Papeete
2193,Mamie,Thad,Omdurman
2194,Emilia,Kannry,Shenzhen
2195,Annecorinne,Monk,Amman
2196,Renae,Evangelia,Barranquilla
2197,Vinita,Letsou,Nizhny Novgorod
2198,Farrah,Elisha,Riga
2199,Rosaline,Fancie,Bandar Seri Begawan
2200,Lizzie,Weaks,Cusco
2201,Camile,Hunfredo,Novosibirsk
2202,Priscilla,Anderea,Antananarivo
2203,Lilith,Travax,Pittsburgh
2204,Courtnay,Ammann,N'Djamena
2205,Lila,Trey,Kolkata
2206,Roxane,Shields,Porto Alegre
2207,Eve,Odell,Boa Vista
2208,Gwenneth,Bivins,Toulouse
2209,Deloria,Lucienne,Dresden
2210,Merle,Regan,Algiers
2211,Annice,Wallis,Valparaíso
2212,Corina,Lemuela,Córdoba
2213,Benita,Bow,Puebla
2214,Estell,Sharl,Dededo
2215,Edee,Ochs,Tskhinvali
2216,Tybie,Noman,Adak
2217,Ezmeralda,Fitzsimmons,Greenwich
2218,Sadie,Infield,Malang
2219,Blondelle,Blisse,Malmö
2220,Shel,Middleton,Yekaterinburg
2221,Harrietta,Colbert,Melekeok
2222,Ronna,Brady,Omdurman
2223,Vonny,Jobi,Medina
2224,Ardys,Dimitris,Leipzig
2225,Carolina,August,Willemstad
2226,Wilma,Medrek,Belgrade
2227,Tina,Hartnett,Nantes
2228,Genovera,Berriman,Geneva
2229,Ericka,Gilbertson,Tskhinvali
2230,Sharai,Schwejda,Guayaquil
2231,Cristine,Katrine,Nukuʻalofa
2232,Sarette,Infield,Durango
2233,Evita,Rese,Washington
2234,Ronna,Callista,Minsk
2235,Sonni,Chick,Kabul
2236,Ileana,Blase,Namangan
2237,Therine,Infield,Iquitos
2238,Maye,Shields,Santa Cruz de la Sierra
2239,Perry,Posner,Macapá
2240,Gratia,Merna,Ndola
2241,Amalie,Tomasina,Cusco
2242,Mallory,Rolf,Lucknow
2243,Vinita,Yate,Memphis
2244,Cherilyn,Odell,Hiroshima
2245,Letizia,Suk,Nanning
2246,Ezmeralda,Ariella,Kolkata
2247,Paola,Delp,Washington
2248,Viviene,Munn,Zürich
2249,Thalia,Prober,Charlotte Amalie
2250,Jemie,Dosia,Willemstad
2251,Josephine,Gaal,Tskhinvali
2252,Catharine,Buffum,Portland
2253,Louella,Maxi,Rio Branco
2254,Eve,Garbe,Nanning
2255,Ana,Marlie,Kunming
2256,Hayley,Eckblad,Ankara
2257,Dulcinea,Vastah,Mogadishu
2258,Leontine,Hailee,Majuro
2259,Claresta,Sekofski,Yerevan
2260,Allyce,Huggins,Mata-Utu
2261,Cherilyn,Nisbet,Kaliningrad
2262,Feliza,Philoo,Xi'an
2263,Genevra,Dom,Mbabane
2264,Merci,Felecia,Nagoya
2265,Kayla,Dorothy,Miami
2266,Deane,Mandler,Ilhéus
2267,Jessamyn,Atonsah,Tehran
2268,Alex,Alice,Barcelona
2269,Queenie,Janith,Tijuana
2270,Tarra,Hermes,Huế
2271,Konstance,Macey,Mashhad
2272,Shandie,Kannry,St. Louis
2273,Letizia,Etom,Anchorage
2274,Marcy,Braun,San Carlos de Bariloche
2275,Mady,Wooster,Bogotá
2276,Nanete,Niles,Berlin
2277,Fina,Lissi,New Orleans
2278,Gusty,Wallis,Yogyakarta (city)
2279,Kristan,Candy,Beijing
2280,Jaclyn,Malvino,Macau
2281,Linzy,Publia,Antwerp
2282,Berget,Jefferey,Quito
2283,Renae,Erb,Vladivostok
2284,Luci,Nerita,Santiago de Cuba
2285,Lita,Imelida,Xining
2286,Fredericka,Boycey,Nukulaelae
2287,Nannie,Couture,Tripoli
2288,Meghann,Anselmi,Longyearbyen
2289,Shel,Pettiford,Mendoza
2290,Kary,Emerson,Espoo
2291,Cherrita,Carleen,Ponta Delgada
2292,Cam,Dulciana,Salt Lake City
2293,Lexine,Gavrila,St. George's
2294,Kristina,Cosenza,Simferopol
2295,Cassandra,Geffner,Espoo
2296,Delilah,Alisia,Bilbao
2297,Inga,Noelyn,Wellington
2298,Leontine,Konyn,Bissau
2299,Margette,Baylor,Koulikoro
2300,Minda,Marijo,Hanga Roa
2301,Sandie,Truc,Avarua
2302,Nonnah,Bivins,Macapá
2303,Dulcinea,Colp,Austin
2304,Tina,Bach,Konya
2305,Jordan,Arathorn,Rome
2306,Lucille,Lorain,Tokyo
2307,Ann-Marie,Gaulin,Kharkiv
2308,Oona,Mozelle,Kaliningrad
2309,Frances,Ethban,Djibouti (city)
2310,Tobe,Nance,Sana'a
2311,Kathy,Geffner,Palembang
2312,Marinna,Valerio,Islamabad
2313,Silvana,Kravits,Philadelphia
2314,Aigneis,Keily,Lima
2315,Atlanta,Lail,Adamstown
2316,Annabela,Old,Hargeisa
2317,Elbertina,Sallyann,Vilnius
2318,Goldie,Belanger,Horta (Azores)
2319,Hannis,Ellerey,Shenzhen
2320,Averyl,Carleen,Glasgow
2321,Althea,Hollingsworth,Basra
2322,Arlina,Noman,Incheon
2323,Glynnis,Chapland,Tagbilaran
2324,Rosaline,Helfand,Kingstown
2325,Lolita,Bobbee,Brussels
2326,Babita,Grosz,Bandung
2327,Candi,Dielu,Yakutsk
2328,Kimmy,Sothena,Cayenne
2329,Mary,Gaal,Tskhinvali
2330,Sashenka,Rese,Kharkiv
2331,Berta,Georas,Nukulaelae
2332,Emmey,Jaylene,Honolulu
2333,Edee,Kenney,Louisville
2334,Lynde,Pandolfi,Campo Grande
2335,Flory,Kimmie,New York City
2336,Hope,Hubert,Nouméa
2337,Etta,Sekofski,Anchorage
2338,Mildrid,Sparhawk,Jerusalem
2339,Brynna,Tamsky,Lilongwe
2340,Lusa,Tannie,Mwanza
2341,Quintina,Manolo,Lviv
2342,Marcy,Ivens,Glasgow
2343,Jordan,Bow,Koulikoro
2344,Carolina,Edison,Iloilo City
2345,Iseabal,Carleen,Honiara
2346,Keelia,Solitta,Chengdu
2347,Correy,Rudolph,Assis
2348,Bibby,Dearborn,Jamestown
2349,Marline,Blake,Belmopan
2350,Ekaterina,Barbey,Makati City
2351,Livvyy,Azeria,Chicago
2352,Natka,Burch,Guwahati
2353,Vevay,Poppy,Denver
2354,Hettie,Maribeth,Kandahar
2355,Angela,Franza,Reykjavík
2356,Konstance,MacIntosh,Multan
2357,Kirbee,Adrienne,Cebu City
2358,Elvira,Vacuva,Okinawa
2359,Corly,Ferrell,Birmingham
2360,Elka,Weinreb,Douala
2361,Tori,Glenden,Tallinn
2362,Daune,Martguerita,Cali
2363,Zia,Dituri,Fredericton
2364,Pierette,Byrne,Ürümqi
2365,Marcelline,Gibbeon,Forked River
2366,Karolina,Klemperer,San Francisco
2367,Corene,Myrilla,Tampere
2368,Kassey,Colleen,Djibouti (city)
2369,Juliane,Ambrosia,City of San Marino
2370,Ernesta,Pernick,Kanpur
2371,Ericka,Skell,Las Vegas
2372,Zsa Zsa,Even,Caracas
2373,Sybille,Brotherson,Bamako
2374,Micheline,Ax,Sapporo
2375,Aurelie,Hewitt,Douglas
2376,Theodora,Mauer,San Salvador
2377,Liana,Aloise,Sydney
2378,Larine,Cleavland,Nairobi
2379,Alexine,Etom,Niamey
2380,Talya,Blisse,Nizhny Novgorod
2381,Modestia,Wenoa,Jakarta
2382,Allis,Ashok,Luxor
2383,Trixi,Lay,Faisalabad
2384,Anica,Isidore,Amritsar
2385,Mildrid,Lunsford,Vaduz
2386,Karena,Smitt,Adelaide
2387,Atlanta,Francyne,Detroit
2388,Tani,Leopold,Las Vegas
2389,Caritta,Hedve,São Paulo
2390,Gisela,Corilla,Konya
2391,Jobi,Ricki,Ilhéus
2392,Ninnetta,Tyson,Balikpapan
2393,Kittie,Ariella,Lisbon
2394,Florie,Kosey,Brisbane
2395,Gusella,Hylan,Dhaka
2396,Corina,Means,Paramaribo
2397,Xylina,Autrey,Charlotte Amalie
2398,Demetris,Nelsen,Tehran
2399,Ottilie,Garlinda,Stanley
2400,Cristabel,Valoniah,London
2401,Darlleen,Harriman,Chiang Mai
2402,Arlena,Berl,Memphis
2403,Dorene,Weitman,Medellín
2404,Bobinette,Ball,Caracas
2405,Dorthy,Tengdin,Enugu
2406,Dania,Ietta,Rabat
2407,Raquela,Whittaker,Bujumbura
2408,Nollie,Frendel,Baghdad
2409,Josephine,Alisia,Kraków
2410,Teriann,Sophronia,El Aaiún
2411,Collen,Madaih,Beijing
2412,Karly,Helfand,Nicosia
2413,Eolanda,Cleavland,Udon Thani
2414,Fred,Geffner,Banjul
2415,Chrystel,Lorain,Sarajevo
2416,Correy,Merat,Sofia
2417,Ermengarde,Amand,Amsterdam
2418,Ebonee,Hachmin,Dodoma
2419,Karly,Greenwald,Maseru
2420,Mallory,Yam,Shenyang
2421,Katleen,Ehrman,Raleigh
2422,Betta,Kendrick,Santiago de Cuba
2423,Meghann,Wiener,Charlotte Amalie
2424,Molli,Fillbert,Brikama
2425,Harrietta,Ochs,Freetown
2426,Bibby,Suk,Antwerp
2427,Deane,Ioab,Kabul
2428,Nollie,Gaal,Boa Vista
2429,Camile,Kermit,Chuí
2430,Dacia,Dawkins,Kingstown
2431,Olivette,Alarise,Fortaleza
2432,Ada,Tamsky,Lisbon
2433,Florie,Neils,Guadalajara
2434,Zondra,Waite,Kraków
2435,Veda,Zrike,Porto Alegre
2436,Tilly,Emmaline,Kingstown
2437,Jessamyn,Ietta,Omsk
2438,Helena,Joli,Brazzaville
2439,Evaleen,Desai,Ouagadougou
2440,Roslyn,Trace,Tallinn
2441,Rosaline,Malanie,Denpasar
2442,Cordi,Demitria,Cleveland
2443,Alejandra,McAdams,Chengdu
2444,Pamella,Shuler,Koror
2445,Edee,Gualtiero,Maseru
2446,Lesly,Rudolph,Samara
2447,Roz,Infield,Santiago
2448,Sophia,Montgomery,Riga
2449,Adelle,Rozanna,Hai Phong
2450,Vinita,Oster,Tallinn
2451,Jacquetta,Haerr,Zhengzhou
2452,Fred,Hebner,Raleigh
2453,Wileen,Izaak,Guangzhou
2454,Rhea,Vilma,Seattle
2455,Daune,Narton,Nagoya
2456,Ekaterina,Brackely,Riverside
2457,Monika,Magdalen,City of Halifax
2458,Gui,Nahum,St. Louis
2459,Ariela,Schenck,Adelaide
2460,Nadine,Natica,Bucharest
2461,Phylis,Barbey,Nantes
2462,Eve,Roscoe,Belize City
2463,Wanda,Reneta,Perm
2464,Coral,Parsaye,Basra
2465,Rosene,Tyson,Port-au-Prince
2466,Alyda,Dimitris,Taichung
2467,Mariann,Chaing,Kandy
2468,Myrtice,Rustice,Stockholm
2469,Lita,Auberbach,Ljubljana
2470,Chastity,Kussell,Vladivostok
2471,Michaelina,Erich,Geelong
2472,Kaja,Ummersen,Cincinnati
2473,Alia,Barbey,Charlotte Amalie
2474,Amara,Gamaliel,Luxor
2475,Jorry,Raul,Fukuoka
2476,Agnese,Lipson,Ho Chi Minh City
2477,Celisse,Aurelio,Amsterdam
2478,Concettina,Amethist,La Paz
2479,Allyce,Lia,Anadyr (town)
2480,Tomasina,Cutlerr,Puebla
2481,Shell,Thornburg,Mbabane
2482,Myrtice,Thunell,Djibouti (city)
2483,Rozele,Othilia,Srinagar
2484,Katharina,Sancho,Nanjing
2485,Gabi,Anis,Naples
2486,Vinita,Rubie,Bissau
2487,Carlie,Schalles,Luxembourg (city)
2488,Imojean,Stelle,Washington
2489,Linzy,Evvie,Vancouver
2490,Marnia,Hourigan,Nanning
2491,Gerrie,Edison,Milwaukee
2492,Jemie,Tacye,Dakar
2493,Kary,Schalles,Hangzhou
2494,Fina,Blisse,Santiago de Cuba
2495,Danika,Masao,Valparaíso
2496,Dari,Allina,Sukhumi
2497,Teriann,Melan,Hamilton
2498,Kittie,Candy,Cartagena
2499,Mildrid,Bivins,Hangzhou
2500,Fanchon,Vivle,Palembang
2501,Jean,Klotz,Riverside
2502,Cyb,Vins,Suez
2503,Karly,Ehrman,Hai Phong
2504,Marcelline,Khorma,Leeds
2505,Ardenia,Argus,Pekanbaru
2506,June,Scammon,Skopje
2507,Aaren,Cullin,Leeds
2508,Elise,Fulmer,Ipoh
2509,Philis,Wiener,Bridgetown
2510,Xylina,Campball,Hargeisa
2511,Ardenia,Cleavland,Bangui
2512,Christal,Atonsah,Managua
2513,Claudina,Noman,Horta (Azores)
2514,Rebeca,Haldas,Perth
2515,Augustine,Emanuel,Bandar Seri Begawan
2516,Taffy,Malvino,Semarang
2517,Loree,Mozelle,Athens
2518,Shaylyn,Schalles,Fairbanks
2519,Roberta,Breed,Port Vila
2520,Vivia,Brieta,Kanpur
2521,Ulrike,Love,Belém
2522,Tobe,Jagir,Bergen
2523,Robbi,Remmer,Turin
2524,Collen,Kaete,Aarhus
2525,Jackie,Graig,Angra do Heroísmo
2526,Cristine,Sholley,Seville
2527,Lorie,Kaete,Hargeisa
2528,Cassandra,Nedrud,Taiyuan
2529,Laure,Sancho,Surabaya
2530,Nananne,Emanuel,Mamoudzou
2531,Evita,Cohdwell,Montevideo
2532,Antonietta,Podvin,Bern
2533,Annecorinne,Woodberry,Padang
2534,Barbi,Shelba,Espoo
2535,Keelia,Anestassia,Macau
2536,Linzy,Celestine,Birmingham
2537,Lorie,Lacombe,Buenos Aires
2538,Catrina,Saint,Apia
2539,Ronna,Shirberg,Auckland
2540,Arlina,Kellby,Harbin
2541,Doralynne,Stuart,Changchun
2542,Norine,Vastah,Odessa
2543,Katharina,Shuler,Bandar Seri Begawan
2544,Anestassia,Laverne,Toulouse
2545,Mignon,Sigfrid,Forked River
2546,Ingrid,Billye,Mogadishu
2547,Dulcinea,Edee,Miami
2548,Carmela,Arvo,Aberdeen
2549,Lauryn,Poll,Miami
2550,Roslyn,Briney,Bucharest
2551,Belinda,Marisa,Philadelphia
2552,Kerrin,Ochs,Valletta
2553,Gratia,Shama,Pyongyang
2554,Lacie,Daveta,Minsk
2555,Joane,Emmy,Porto Alegre
2556,Jessamyn,Mike,Vladivostok
2557,Chandra,Candy,Koror
2558,Mathilda,Dunkin,Sukhumi
2559,Henriette,Cassius,Glasgow
2560,Charmaine,Edison,Nakhon Ratchasima
2561,Caressa,Georgy,Ponta Delgada
2562,Jerry,Koziara,Montreal
2563,Sarette,Toor,Fortaleza
2564,Harmonia,Tillford,Bratislava
2565,Janey,Dimitris,Saint-Pierre
2566,Daryl,An,Panama City
2567,Elfreda,Hedve,Odessa
2568,Albertina,Olnee,Johor Bahru
2569,Ardeen,Colleen,Ottawa
2570,Georgetta,Old,Cape Town
2571,Celisse,Charmine,Multan
2572,Ann-Marie,Ardra,Minneapolis
2573,Ericka,Argus,Miami
2574,Carree,Frendel,Roseau
2575,Flory,Adore,Copenhagen
2576,Andree,Rodmann,Palma
2577,Queenie,Ashok,Padang
2578,Ezmeralda,Lia,Fredericton
2579,Gabriellia,Gino,Beijing
2580,Jennica,Tyson,Ottawa
2581,Micheline,Natalia,Freetown
2582,Maisey,Edee,Tartu
2583,Alejandra,Simmonds,Bogotá
2584,Melanie,Bartlett,Vienna
2585,Atlanta,Viddah,Fukuoka
2586,Kial,Byrne,Iquitos
2587,Sean,Dex,Kaesong
2588,Tressa,Heidt,Cotonou
2589,Gwyneth,Rooney,Tampere
2590,Lynde,Bevin,Majuro
2591,Marinna,Katrine,Conakry
2592,Roxane,Sholley,Salt Lake City
2593,Sheelagh,Jammal,Chiang Mai
2594,Jenda,Alrich,Mbabane
2595,Paola,Bakerman,Thessaloniki
2596,Renae,Soneson,Quito
2597,Janenna,Weinreb,Gaza
2598,Brynna,Michella,Kandy
2599,Randa,Moina,Luanda